/*
SQLyog Trial v13.1.9 (64 bit)
MySQL - 8.0.32 : Database - retrofit
*********************************************************************
*/

/*!40101 SET NAMES utf8 */;

/*!40101 SET SQL_MODE=''*/;

/*!40014 SET @OLD_UNIQUE_CHECKS=@@UNIQUE_CHECKS, UNIQUE_CHECKS=0 */;
/*!40014 SET @OLD_FOREIGN_KEY_CHECKS=@@FOREIGN_KEY_CHECKS, FOREIGN_KEY_CHECKS=0 */;
/*!40101 SET @OLD_SQL_MODE=@@SQL_MODE, SQL_MODE='NO_AUTO_VALUE_ON_ZERO' */;
/*!40111 SET @OLD_SQL_NOTES=@@SQL_NOTES, SQL_NOTES=0 */;
CREATE DATABASE /*!32312 IF NOT EXISTS*/`retrofit` /*!40100 DEFAULT CHARACTER SET utf8mb4 COLLATE utf8mb4_0900_ai_ci */ /*!80016 DEFAULT ENCRYPTION='N' */;

USE `retrofit`;

/*Table structure for table `comment` */

DROP TABLE IF EXISTS `comment`;

CREATE TABLE `comment` (
  `id` int NOT NULL AUTO_INCREMENT,
  `content` varchar(100) NOT NULL,
  `contractor_id` int NOT NULL,
  `user_id` int NOT NULL,
  `parent_comment_id` int NOT NULL,
  `child_comment_id` int NOT NULL,
  PRIMARY KEY (`id`)
) ENGINE=InnoDB AUTO_INCREMENT=43 DEFAULT CHARSET=utf8mb4 COLLATE=utf8mb4_0900_ai_ci;

/*Data for the table `comment` */

insert  into `comment`(`id`,`content`,`contractor_id`,`user_id`,`parent_comment_id`,`child_comment_id`) values 
(28,'good',113,6,0,0),
(29,'test 1',117,0,0,0),
(30,'test 1 reply test 2',117,0,29,0),
(31,'test 2 reply test 3',117,0,30,0),
(32,'test 3 reply test 4',117,0,31,0),
(33,'test 1',86,0,0,0),
(34,'test 2 to reply test1',86,0,0,0),
(35,'test 3 to reply test4',86,0,0,0),
(36,'test1',82,0,0,0),
(37,'test  2',82,0,0,0),
(38,'test 3 reply to test 4',82,0,36,0),
(39,'test 5 reply to test 1',82,0,38,0),
(40,'it is a interesting test',82,14,0,0),
(41,'you are good',82,0,0,0),
(42,'test 6',82,0,39,0);

/*Table structure for table `contractors` */

DROP TABLE IF EXISTS `contractors`;

CREATE TABLE `contractors` (
  `id` int NOT NULL AUTO_INCREMENT,
  `name` varchar(100) NOT NULL,
  `phone` varchar(20) NOT NULL,
  `address` varchar(100) NOT NULL,
  `certs` varchar(20) NOT NULL,
  PRIMARY KEY (`id`)
) ENGINE=InnoDB AUTO_INCREMENT=810 DEFAULT CHARSET=utf8mb4 COLLATE=utf8mb4_0900_ai_ci;

/*Data for the table `contractors` */

insert  into `contractors`(`id`,`name`,`phone`,`address`,`certs`) values 
(3,'Sally Plumber','01234 567890','Too far away','Heat Geek'),
(60,'Caplen Plumbing and Heating Ltd','07779 801663','Sunnydene,Old Rectory Drive,Glanvilles Wootton,n/a,Unspecified','MCS'),
(61,'Solarsense UK Ltd','0333 772 1800','Helios House, Brockley Lane,Backwell,BRISTOL,n/a,Unspecified','MCS'),
(62,'Hamilton Lacey t/a Eight Percent','07595834136','Whitemoor Farm ,Doddiscombsleigh,EXETER,Devon,Unspecified','MCS'),
(63,'Forever Green Renewables Ltd','01242 370308','Unit C, Churchill Industrial Estate,Churchill Road,Cheltenham,Gloucestershire,Unspecified','MCS'),
(64,'Potentia Engineering LTD','07572991797','148 Hewlett Road,null,Cheltenham,Gloucestershire,Unspecified','MCS'),
(65,'Greenlands Heating Ltd','01495307078','Unit 22,Tafarnaubach Industrial Estate,Tredgar,Gwent,Unspecified','MCS'),
(66,'Pursey and Ball Ltd','01792 818068','Unit 12 Kenfig Industrial Estate,Margam,Port Talbot,n/a,Unspecified','MCS'),
(67,'Erigo Solar Ltd','07725444723','Seldom Seen,Woodland Road,Devizes,Wiltshire,Unspecified','MCS'),
(68,'A ','07513044098','27a Athold Drive,null,OSSETT,West Yorkshire,Unspecified','MCS'),
(69,'Eco Green Partners Ltd','01275 350085 ','Unit 7, Stileway Business Park,Lower Strode Road,Clevedon ,Somerset,Unspecified','MCS'),
(70,'MVR Solutions Limited','07979240073','Unit 4 Mariner Way,Felnex Ind Est,Newport,Gwent,Unspecified','MCS'),
(71,'Summit Energies LTD','0129 1421671','Penhow Nurseries, Carrow Hill,St. Brides Netherwent,CALDICOT,Monmouthshire,Unspecified','MCS'),
(72,'Caplor Energy Ltd','01432860644','Caplor Farm,Fownhope, Hereford,null,Hereford and Worcester,Unspecified','MCS'),
(73,'Renewables Inc Ltd T/A Greenstart – dbr','07973 406795','Unit B,Allerton Road,Bridgewater,Somerset,Unspecified','MCS'),
(74,'LivGreen Futures Limited','08456461566','Unit 2, Oakwood Park ,Lodge Causeway ,Bristol,City of Bristol,Unspecified','MCS'),
(75,'Source Electrical Services Ltd','07891600788','Unit 3 Laurel House,Station Road,Weston super mare,Somerset,Unspecified','MCS'),
(76,'Eco Energ Solutions Ltd','01833 637916','Unit 18 Industrial Estate,Stainton Grove,Barnard Castle,Durham,Unspecified','MCS'),
(77,'Channel Electrical Systems Ltd','01446733121','HMS Cambria, Unit 1,Atlantic Business Centre, Hayes Lane,Sully,n/a,Unspecified','MCS'),
(78,'Gridzer0 Limited','07976248017','3 Brookside Close,null,Bath,n/a,Unspecified','MCS'),
(79,'Go Renewable Energy Ltd','07955888841','c/o William Price ,Westbury Court, Church Road,Westbury on Trym, Bristol,Somerset,Unspecified','MCS'),
(80,'Zing Energy Ltd','03308084365','J R Quarter,Moy Road Industrial Estate,Cardiff,n/a,Unspecified','MCS'),
(81,'Newydd Maintenance Limited','02920 001534','Unit 5 Village Way,Tongwynlais,Cardiff,South Glamorgan,Unspecified','MCS'),
(82,'OVO (S) Gas Limited','07970 386956','1 Rivergate,TEMPLE QUAY,Bristol,Avon,Unspecified','MCS'),
(83,'J Norris Electrical Ltd/TA J Norris Electrical Contractor','07837 088 821','8 Moccasin Way,null,Street,n/a,Unspecified','MCS'),
(84,'Eco Engineering Ltd','01452 863438','The Workshop Acorn House ,Shab Hill,Birdlip,Gloucestershire,Unspecified','MCS'),
(85,'Orca Electrical Ltd','07850192765','27 Churchfarm Close,null,Bristol,Gloucestershire,Unspecified','MCS'),
(86,'Apollo Electrical Solutions Ltd','0117 9667944','30 Hillview Gardens,Felton,null,Somerset,Unspecified','MCS'),
(87,'Wilts Electrical Contracting Ltd','01249 812850','Unit 10 Porte Marsh Industrial Estate, Harris Road,CALNE,Wiltshire,Unspecified','MCS'),
(88,'CPSL Group Ltd','01704 841988','Goodyear Business Park,New Street,Ormskirk,Lancashire,Unspecified','MCS'),
(89,'Elite Renewables Ltd','0208 037 5040','Unit 14 ,null,Redlands,n/a,Unspecified','MCS'),
(90,'SolarTech-UK Ltd',' 0843 837 2334','11 Llansannor Drive,null,Cardiff,Glamorgan,Unspecified','MCS'),
(91,'Green Heat Wales Ltd','02920 814339','The Fire and Stove Shop,Ton Garage, Merthyr Road,Tongwynlais,South Glamorgan,Unspecified','MCS'),
(92,'Mollison HPR','0800 6226929','1 Leyshade Farm Cottages,Tealing,Dundee,Angus,Unspecified','MCS'),
(93,'Intelligent Energy Systems Ltd','01588 650657','Criftin House,Wentnor,BISHOPS CASTLE,Shropshire,Unspecified','MCS'),
(94,'Swift Mechanical Group Limited','01275 341111','Unit 6 Westfield Court,Barns Ground,Kenn,Devon,Unspecified','MCS'),
(95,'Absolute Solar and Wind Ltd','0141 530 7644','Arisaig Farm (By Tullochan),null,Gartocharn,West Dunbartonshire,Unspecified','MCS'),
(96,'Green Technology Renewables Limited','07825795993','Unit 115 Filwood Green Business Park, 1 Filwood Park Lane,Bristol,Avon,Unspecified','MCS'),
(97,'City Energy Network Limited','0292 049 9183','Coptic House,4-5 Mount Stuart Square,null,South Glamorgan,Unspecified','MCS'),
(98,'Viessmann Limited t/a Viessmann','01952 675000','Viessmann,Hortonwood 30,TELFORD,Shropshire,Unspecified','MCS'),
(99,'Eco Assist Ltd','01249 812282','14 Marden Way,null,Calne,Wiltshire,Unspecified','MCS'),
(100,'Nimbus Solar Ltd','07775337980','Blantyre Beachley Road,Tutshill,CHEPSTOW,Gloucestershire,Unspecified','MCS'),
(101,'ADP Marketing ','0117 935 2784','Unit 3 St Ivel Way,null,Bristol,Avon,Unspecified','MCS'),
(102,'Electrical Innovation (Wales) Limited','07921104307','Cartref, Cwmaman Road,Aberaman,Aberdare,Glamorgan,Unspecified','MCS'),
(103,'C W Electrical (Bristol) Ltd','01454 633677','The Old School House,Over Lane,Almondsbury,City of Bristol,Unspecified','MCS'),
(104,'Light and Land Energy Ltd',' 01672 841094','The Forge,Ogbourne St. George,null,Wiltshire,Unspecified','MCS'),
(105,'RGV Engineering Ltd','01980 670667','High Street, Netheravon,Salisbury,Wiltshire,Unspecified','MCS'),
(106,'Carbon Neutral Systems Limited','07496 304343','30 Cromwell Road,Bulwark,CHEPSTOW,Monmouthshire,Unspecified','MCS'),
(107,'GreenHeart Energy Engineering Limited','null','OFFICE 5,  FIRST FLOOR,AMBERLEY HOUSE, PARK STREET,CIRENCESTER,Gloucestershire,Unspecified','MCS'),
(108,'Gemsolar Limited T/A Gemsolar','01179 020095','326 Redcatch Road,Bedminster,BRISTOL,Somerset,Unspecified','MCS'),
(109,'Koze Group Ltd T/A Koze Home','07824167768','Trafalgar House,Kemble Airfield Enterprise Park,Kemble,Gloucestershire,Unspecified','MCS'),
(110,'Pure Energy Renewables Ltd','01434 220123','Unit 2E Foundry Yard,Bellingham,HEXHAM,Northumberland,Unspecified','MCS'),
(111,'Kridan Heating Solutions Ltd','01723 381157','39 Hirstead Road,Newby,Scarborough,North Yorkshire,Unspecified','MCS'),
(112,'Inspire Green Ltd','029 2252 0033','Abacus House, Caxton Place,null,Cardiff,South Glamorgan,Unspecified','MCS'),
(113,'Renewable Planet Ltd','01614 863390','Landmark House, Station Road  ,Cheadle Hulme  ,Stockport,Cheshire,Unspecified','MCS'),
(114,'Mechurion Ltd','01685 873288','5 Alexandra Terrace,Abernant,ABERDARE,Glamorgan,Unspecified','MCS'),
(115,'Pink Heating ','01454 605324','2 Old Aust Road,Almondsbury,Bristol,Gloucestershire,Unspecified','MCS'),
(116,'ABR Electrical Services (South Wales) LTD','07734671994','Abergwaun House Y Dderwen,Llangynwyd,Maesteg, Bridgend,n/a,Unspecified','MCS'),
(117,'MJS Energy','01568 760 075','Presteigne Mill,Leominster Road,Presteigne,Powys,Unspecified','MCS'),
(118,'Solar EV Charging Services Ltd','07738207302','32 Sunningdale Drive,Warmley,BRISTOL,Avon,Unspecified','MCS'),
(119,'Stephen Hyde Electrical','07814502814','Rock Cottage,null,Llanvetherine,Gwent,Unspecified','MCS'),
(120,'Nordri Ltd','01595 695166','Nordri, Staney Hill Industrial Estate,null,Lerwick,Shetland (Zetland),Unspecified','MCS'),
(121,'West Country Electrical Services Ltd ','01453 843981','Unit 6, Cambridge Mills,null,Cambridge,Cambridgeshire,West Country Electrical Services Ltd ','MCS'),
(122,'Solar Sun and Air Limited','01172355931','Unit 5 ,Victoria Grove,BRISTOL,Somerset,Unspecified','MCS'),
(123,'Lyndon Creswick Heating ','01989565856','Stoney Brook,1 Pike Road,Coleford,Gloucestershire,Unspecified','MCS'),
(124,'Somerset Renewables Limited','01643 870870','32 Lower Park,null,MINEHEAD,Somerset,Unspecified','MCS'),
(125,'Matrix Energy Systems Ltd','01144 785860','Unit 7, Highgrounds Industrial Estate,Highgrounds Way,WORKSOP,Nottinghamshire,Unspecified','MCS'),
(126,'Total Renewable Solutions SW Limited T/A Total Renewable Solutions','01749 340490','2 Whitty Court,Axminster,null,Devon,Unspecified','MCS'),
(127,'Grant Engineering (UK) Ltd','01380 736920','Grant UK,Frankland Road,Blagrove, Swindon,Wiltshire,Unspecified','MCS'),
(128,'M J Electrical and Renewables','07967 447309','2 Maesbury Road,Keynsham,Bristol,Somerset,Unspecified','MCS'),
(129,'Madola Energy Ltd','07903669109','4 Copper Beech Drive,Tredegar ,null,Gwent,Unspecified','MCS'),
(130,'Bell Group UK Ltd','01752 779947','Office Suite,Bridgwater Road, Redhill,Bristol,null,England','TrustMark'),
(131,'Kelray Ltd','01443 693236','Unit 3,Merthyr Tydfil Industrial Park,Merthyr Tydfil,Mid Glamorgan,United Kingdom','TrustMark'),
(132,'A E Energy Solutions Ltd','03330509980','Unit 9,Greenhill Court,Springmeadow Business Park,Cardiff,Wales','TrustMark'),
(133,'City Energy Facilities Management Limited','029 21303694','Coptic House 4-5 Mount Stuart Square,null,Cardiff,null,Wales','TrustMark'),
(134,'Phillips Construction Limited','07557 347434','3 Tyne Park,null,Taunton,Somerset,United Kingdom','TrustMark'),
(135,'The Roots Company','0800 043 0103','1 Little King Street,,BRISTOL,,UK','TrustMark'),
(136,'Joel Sheppard Construction Services ltd','07950 542269','63 Castleland street,null,Barry,null,United Kingdom','TrustMark'),
(137,'Eco Carbon Traders Limited','01495 366575','Unit G2 Chapel Farm Industrial Estate,Cwmcarn,NEWPORT,null,Wales','TrustMark'),
(138,'Henry Easterbrook','07771 928131','44 Lilymead Avenue,Knowle,Bristol,,UK','TrustMark'),
(139,'Kennick Building Contractors Limited','07802 927410','4 Charlcombe View Road,null,Bath,Avon,United Kingdom','TrustMark'),
(140,'C&G Mobility Lifts Ltd t/a Hanover Lifts','01392 461061','Unit 1 Newbery Commercial Centre,Fair Oak Close,Exeter Airport,Exeter,UK','TrustMark'),
(141,'JG Electrical Services','01454 316792','13 Templar Road,null,Yate,null,England','TrustMark'),
(142,'Bamfords (Yeovil) Ltd','01935 423006','24 Garrett Road,Lynx Trading Estate,Yeovil,Somerset,UK','TrustMark'),
(143,'Foundation Electrical Contractors','07947 947111','43 Claremont Gardens,null,Clevedon,null,England','TrustMark'),
(144,'SilverBirch Gardens','01278 722959','17 Willmotts Close,Chilton Polden,Bridgwater,Somerset,UK','TrustMark'),
(145,'Eco Home UK Group Ltd','07824 397566','Trym Lodge Henbury Road,Westbury-On-Trym,Bristol,null,England','TrustMark'),
(146,'Southwest Electrical Ltd','07725 833781','Admirals Yard,Station Road,Bristol,null,UK','TrustMark'),
(147,'RP Complete Building Services Ltd','07979 367916','35 Players Close,Hambrook,Bristol,Gloucestershire,United Kingdom','TrustMark'),
(148,'Walmsley Shaw','0117 403 2370','31 Rookery Road,,Bristol,Somerset,UK','TrustMark'),
(149,'Batello Garden Design','01934 843410','18 Woodborough Drive,,Winscombe,Somerset,UK','TrustMark'),
(150,'Inspire Build SW Ltd','07870 101099','16 Bridgwater Road,North Petherton,Bridgwater,Somerset,United Kingdom','TrustMark'),
(151,'SW Bennett Construction Ltd','07792 743649','3 Oakhunger Lane,null,Berkeley,Gloucestershire,United Kingdom','TrustMark'),
(152,'Garcia Building Services','0117 962 2204','Rose Cottage,Stoke Hamlet,Bristol,Avon,United Kingdom','TrustMark'),
(153,'RICH Ltd','0800 644 0668','2 Arrowfield Close,null,Bristol,null,UK','TrustMark'),
(154,'Newmark Construction Group Ltd','07880 436189','Newmark Construction Ltd,Newmark House,Bristol,Gloucestershire,United Kingdom','TrustMark'),
(155,'Green Bear Landscaping Ltd','0117 329 8842','40 Laurel Street,,Bristol,Gloucestershire,UK','TrustMark'),
(156,'JBS Lofts Ltd TA Jigsaw Building Solutions','0117 986 1273','Unit 1, Unity Court, Unity Road Twerton,Keynsham,Bristol,null,England','TrustMark'),
(157,'GreenBird Gardening','01275 562042','145 Phoenix Way,Portishead,Bristol,Somerset,UK','TrustMark'),
(158,'Blue Design & Build Ltd','07881 812696','28 Queens Road,Ashley Down,Bristol,Avon,United Kingdom','TrustMark'),
(159,'J C Swann Ltd (contractor/installer)','01285 656531','5 Cherry Tree Drive,Siddinton Road,Cirencester,Gloucestershire,UK','TrustMark'),
(160,'Energy Store (Dorset) Ltd','0800 043 0075','Suite 5,10 Didcot Road,Nuffield Industrial Estate,Poole,UK','TrustMark'),
(161,'Jon Pritchard Ltd','07584 688670','24-26 Bedminster Road,,Bedminster,Bristol,UK','TrustMark'),
(162,'G&W Electrical Ltd','07791 603848','53 Sandringham Avenue,null,Downend,null,England','TrustMark'),
(163,'Res Distribution','01935 316232','2a Kingfisher Close,Gazelle Road,Lynx Trading Estate,YEOVIL,null,UK','TrustMark'),
(164,'Smart Energy Homes Ltd','07758 139326','7b Castle Parade,Monmouthshire,Usk,Gwent,Wales','TrustMark'),
(165,'CK Carpentry Loft and Building Ltd','07518 426603','34 Bourne Road,null,Bristol,Somerset,United Kingdom','TrustMark'),
(166,'Evergray Ltd','07802 415915','10 The Parade,null,Porth,Rhondda Cynon Taff,United Kingdom','TrustMark'),
(167,'Bounty Energy Solutions and Technologies Ltd','07305 587668','Henleaze House,13 Harbury Road,Henleaze,null,England','TrustMark'),
(168,'Williams Carpentry & Building Contractors Ltd','01443 831800','Eastbrook House,Eastview Terrace,Bargoed,Mid Glamorgan,United Kingdom','TrustMark'),
(169,'Quality Finish','01454 773873','45 St Francis Drive,null,Winterbourne,Nr Bristol,null','TrustMark'),
(170,'Zing Energy Ltd','03308084365','Office 9, Jr Quarter,Moy Road Industrial Estate,Taffs Well,null,Wales','TrustMark'),
(171,'Bartlett Tree Experts (Bristol)','01275 371000','Units 22-25 Cross Lanes Farm,Cross Lanes, Pill,BRISTOL,Avon,UK','TrustMark'),
(172,'Craftworks (South West) Ltd','01934 863669','6 Bakers Buildings,null,Bristol,Avon,United Kingdom','TrustMark'),
(173,'Ian Perkins','07547 810375','7 Thomas Stock Gardens,Abbeymead,GLOUCESTER,Gloucestershire,England','TrustMark'),
(174,'Gray & Amor Ltd.','01380 587006','21 Whistley Road,Potterne,Devizes,Wiltshire,United Kingdom','TrustMark'),
(175,'MAW Building Services','07791 074245','29 Causeway View,Nailsea,Bristol,Somerset,United Kingdom','TrustMark'),
(176,'ADC Ltd','0117 952 0786','The Old Bakery,60 Downend Rd,Bristol,,UK','TrustMark'),
(177,'Focus Building & Maintenance Services Ltd','0117 924 0606','Tall Pines,26A Henbury Road,Bristol,Avon,United Kingdom','TrustMark'),
(178,'Albino Builders Limited','01749 344965','Unit 1, Quarry Way Business Park,Waterlip,Shepton Mallet,Somerset,United Kingdom','TrustMark'),
(179,'Master Homes and Developments Ltd','07788 246162','59 Phoenix Way,Portishead,Bristol,Somerset,United Kingdom','TrustMark'),
(180,'COUNTY TRADING SERVICES','07837 505119','1 ALVIN STREET,null,GLOUCESTER,GLOUCESTERSHIRE,null','TrustMark'),
(181,'Valley Developments Ltd','01275 472894','10 Market Place,null,Bristol,Avon,United Kingdom','TrustMark'),
(182,'Landbased Services Ltd','01934 251974','8 Woodland Road,null,WESTON-SUPER-MARE,Avon,England','TrustMark'),
(183,'Mears Group PLC','01297 300800','1390 Montpellier Court,null,Brockworth,null,UK','TrustMark'),
(184,'McCann Building Services','07774 104038','136 Redlands Road,Penarth,Vale of Glamorgan,Wales,Wales','TrustMark'),
(185,'Chad Briggs','07503 882961','7 NORTH VIEW DRIVE,BANWELL,ENGLAND,null,null','TrustMark'),
(186,'Peter McNeill','07859 912444','St James Court,ST. JAMES PARADE,BRISTOL,null,England','TrustMark'),
(187,'Stefan De Wet','07913 235686','Aztec Centre, Unit 16,AZTEC WEST,BRISTOL,,UK','TrustMark'),
(188,'Hawkins Insulation Limited','01275 839500','101 Central Park,Petherton Road,Bristol,Avon,United Kingdom','TrustMark'),
(189,'Hotchkins Building Services Ltd','01454 887178','45 Nicholls Lane,null,Bristol,Avon,United Kingdom','TrustMark'),
(190,'James Mason T/A Green Genie Energy Ltd','07538 579501','Newminster House,St Stephens Street,Bristol,null,England','TrustMark'),
(191,'Task Experience Ltd T/A All Heating One','0800 031 4395','Office 1.6,1 Macdowall Street,Paisley,null,Scotland','TrustMark'),
(192,'Acorn Stairlifts','0800 612 4330','Local Office,Yeovil,Somerset,,UK','TrustMark'),
(193,'J Vincent Lofts Ltd','07901 850568','8 Chester Park,null,Bristol,Avon,United Kingdom','TrustMark'),
(194,'Eco Green Partners Ltd','01275 350085','Unit 7, Stileway Business Park,Lower Strode Road,Clevedon,null,England','TrustMark'),
(195,'M J Hardwick General Builder','01454 228420','Oakdene,New Road,null,South Gloucestershire,United Kingdom','TrustMark'),
(196,'Stephen Reynolds','07754 034106','8 CRANLEIGH COURT ROAD,YATE,BRISTOL,null,null','TrustMark'),
(197,'Direct Maintenance Contractors','07880 742297','2 Twyn Y Fedwen Road,Whitchurch,Cardiff,South Glamorgan,United Kingdom','TrustMark'),
(198,'Acorn Stairlifts','0800 612 4330','Local Office,Lon-y-llyn,Caerphilly,Mid Glamorgan,UK','TrustMark'),
(199,'Parkinson Carpentry And Building','07923 122456','40 Smithcourt Drive,Little Stoke,Bristol,Gloucestershire,United Kingdom','TrustMark'),
(200,'Koze Group Ltd','07824 167768','Trafalgar House,Kemble Airfield Enterprise Park,Kemble,null,England','TrustMark'),
(201,'Crg Electrical / Maintenance','07846 087849','45 Bath Road,null,Bitton,null,England','TrustMark'),
(202,'SMH Construction Ltd','07717 824702','S M H Construction Ltd,Unit 30, Bonville Business Centre,Bristol,Somerset,United Kingdom','TrustMark'),
(203,'Boss Electrical','07463 751418','The Kabers,Bristol Road,Winscombe,null,England','TrustMark'),
(204,'Emory Preservation Ltd','0117 951 9843','150 Cranbrook Road,Redland,Bristol,,UK','TrustMark'),
(205,'Branch Walkers Tree Services Limited','0117 968 2361','29 St Edyth\'s Road,Sea Mills,BRISTOL,Avon,UK','TrustMark'),
(206,'Pink Heating & Renewables Ltd','07818 063646','2 Old Aust Road,Almondsbury,Bristol,Gloucestershire,UK','TrustMark'),
(207,'Res Distribution  ','07809 401332','2a Kingfisher Close,Gazelle Road,Lynx Trading Estate,YEOVIL,null,UK','TrustMark'),
(208,'TBS Electrical Services Ltd TA TBS Electrical','07837 578698','Flat 3, 74 Locking Road,null,Weston-Super-Mare,null,UK','TrustMark'),
(209,'Brett Hardy Landscapes','01225 789990','37 Forester Road,,Bath,Somerset,UK','TrustMark'),
(210,'EFFICIENT ENERGY SERVICES LTD (T/A ECO GIANTS)','01200 411830','FORMER AMBULANCE STATION,OFF PRINCESS AVENUE,CLITHEROE,LANCASHIRE,England','TrustMark'),
(211,'PHS HOME SOLUTIONS LIMITED','0191 387 0118','VENTER BUILDING, 3 MANDARIN ROAD,RAINTON BRIDGE BUSINESS PARK,HOUGHTON LE SPRING,DH4 5RA,England','TrustMark'),
(212,'City Energy Network Limited','029 20499183','Coptic House,4-5 Mount Stuart Square,Cardiff,null,Wales','TrustMark'),
(213,'Gemsolar Limited T/A Gemsolar','0117 902 0095','326 Redcatch Road,null,Bedminster,null,England','TrustMark'),
(214,'County Flat Roofing UK Ltd','01934 417488','Unit 5,Sunnyside Road North,Weston-super-Mare,Somerset,UK','TrustMark'),
(215,'Mendip Conservatory & Window Centre','01934 877666','Roundtrees Garden Centre,Smallway,Congresbury,Bristol,UK','TrustMark'),
(216,'Drovers Lifts Ltd','01884 34615','Drovers View,Shortlands Lane,CULLOMPTON,Devon,England','TrustMark'),
(217,'Jowett & Jowett Limited','01278 453443','Unit 5, Moorlynch Vineyard,Spring Lane, Moorlinch,Bridgwater,Somerset,UK','TrustMark'),
(218,'Complete Remedial Solutions (CRS) Ltd','01656 253194','Fairway House,Fortran Road,St. Mellon’s,Wales, Cardiff ,Wales','TrustMark'),
(219,'G&S Heating Services Ltd','07951 156122','23 Heol-y-glyn,null,Treharris,null,UK','TrustMark'),
(220,'Eco Gen Contractors Ltd','01776 859757','Unit 5a,Fountain Way, Blackparks Ind Est,Stranrear,null,Scotland','TrustMark'),
(221,'Ecofit Energy Systems Ltd','01443 291020','9-11 The Courtyard,Parc Busnes Edwards,Llantrisant,null,Wales','TrustMark'),
(222,'Goldenstones Gardening','01453 835032','2 New Cottages,Barton End,Stroud,Gloucestershire,UK','TrustMark'),
(223,'Concrete Contractors (Bristol) Ltd','0117 932 3847','Long Acres,Redfield Hill,Bristol,Avon,United Kingdom','TrustMark'),
(224,'Sonia Pruzinsky','07583 944413','Centre for Sustainable Energy, St James Court ,ST. JAMES PARADE,BRISTOL,null,England','TrustMark'),
(225,'Stefan De Wet','01454 838632','Aztec Centre, Unit 16,Aztec West,Almondsbury,Bristol,UK','TrustMark'),
(226,'David Gray Plumbing','01432 870220','1,Pippin Close,,Hereford,,UK','TrustMark'),
(227,'Green Energy Engineering Ltd','028 38820043','198a Lurgan Road,Dromore,Co Down,null,Northern Ireland','TrustMark'),
(228,'Paul O\'Brien Roofing Limited','0117 952 2522','Unit 5 Victoria Grove,null,Bedminster,Bristol,null','TrustMark'),
(229,'IDM Doors Limited','01633 843098','Rock Wharf,,Mill Parade,NEWPORT,Gwent,UK','TrustMark'),
(230,'ESW Construction Services Ltd','0117 955 9337','Unit A  Berkeley Court Business Park,Earl Russell Way,Bristol,Bristol,null','TrustMark'),
(231,'Cardiff & Vale Property Improvements','07966 373731','33 South Road,Sully,Penarth,South Glamorgan,United Kingdom','TrustMark'),
(232,'Start To Finish Contractors (South West) Limited','07877 054708','1 Berrows Mead,null,Bristol,Bristol,UK','TrustMark'),
(233,'Ezee Let Ltd','07974 931605','772 Newport Road,Rumney,Cardiff,Caerdydd,United Kingdom','TrustMark'),
(234,'J R Building Ltd','01452 741881','Passage Farm,passage road,Gloucester,Gloucestershire,United Kingdom','TrustMark'),
(235,'Centric Home Improvements Ltd','0800 111 4112','12 Collena Road,Tonyrefail,Tonypandy,Mid Glamorgan,UK','TrustMark'),
(236,'Acorn Stairlifts','0800 612 4330','Local Office,Kingsway,Quedgeley,Gloucester,UK','TrustMark'),
(237,'Joe Dorman','07505 559604','Flat A, 294 St Johns Lane,,Bristol,,UK','TrustMark'),
(238,'Hewer Facilities Management Ltd','07809 659479','Unit G1, The Aquarius Centre,Edison Close, Waterwells,Gloucester,null,UK','TrustMark'),
(239,'Powerhug Ltd','01424 575001','114 Hughenden Road,null,Hastings,null,England','TrustMark'),
(240,'Solarsense (UK) Ltd','01275 461800','Helios House,Brockley Lane,Backwell,Bristol,UK','TrustMark'),
(241,'Air Control Ventilation Limited','07977 045578','10 Coed y Pica,null,Abertridwr,null,null','TrustMark'),
(242,'Premium Grade Renovations Ltd','07938 557264','51 Whitethorn Drive,Prestbury,Cheltenham,Gloucestershire,United Kingdom','TrustMark'),
(243,'The Knotweed Company Ltd','01962 886060','FAKE POSTCODE,,,,UK','TrustMark'),
(244,'George Goddard','0117 363 4301','St James Court,ST. JAMES PARADE,BRISTOL,null,England','TrustMark'),
(245,'Thomas McCoy Roofing and Building','07815 120228','65 Bardsey Crescent,Llanishen,Caerdydd,Caerdydd,United Kingdom','TrustMark'),
(246,'Lee Glenister','07912 091114','61 GAZELLE ROAD,null,WESTON-SUPER-MARE,null,England','TrustMark'),
(247,'Silvey Roofing Limited','01446 404838','52 Castle Avenue,null,Penarth,South Glamorgan,Wales','TrustMark'),
(248,'Commercial Biomass Ltd','01935 476927','Unit 1 The Parade Ground,Lufton Trading Estate,Lufton,Yeovil,UK','TrustMark'),
(249,'A & M Energy Solutions Ltd','029 20461802','Unit 39,Portmanmoor Road Industrial Estate,,Cardiff,null','TrustMark'),
(250,'Advance Energy Services Ltd','03333054054','1 New Buildings,High Street,Newbridge,Gwent,null','TrustMark'),
(251,'C & A Johnson Ltd','0117 965 9575','103a Filwood Road,null,Bristol,Avon,United Kingdom','TrustMark'),
(252,'Chipping Sodbury Kitchens Ltd','07785 753704','398-400 Gloucester Road,Horfield,Bristol,null,UK','TrustMark'),
(253,'WPE Construction Limited','07736 975137','3 Chestnut Close,null,Banwell,null,England','TrustMark'),
(254,'Cook Electrical Services Ltd','07702 254554','5 Rogers Close,Clutton,Bristol,Bristol,UK','TrustMark'),
(255,'Ian Harvey','07733 101901','9 Westleigh Park,null,Hengrove,null,England','TrustMark'),
(256,'Warmplan Heating Engineers Limited','01633 682819','Newport Road,Castleton,Cardiff,null,UK','TrustMark'),
(257,'J Green Plastering and Building Services Ltd','0117 909 5286','11 Cassey Bottom Lane,St George,Bristol,Avon,United Kingdom','TrustMark'),
(258,'Clearview Windows','01278 433000','Unit B,Allerton Road,Bridgwater,Somerset,UK','TrustMark'),
(259,'Caines Loft Conversions Ltd','07973 614952','Henleaze House,13 Harbury Road,Bristol,Avon,United Kingdom','TrustMark'),
(260,'MCA Renewables Limited','0141 333 0700','112 Mid Wharf Street,Glasgow,,,UK','TrustMark'),
(261,'Westwick Windows','07444 705264','53 Turnock Gardens,West Wick,Weston-Super-Mare,Somerset,UK','TrustMark'),
(262,'Richard Jones Builders','07977 948595','55 The Sanctuary,null,Caerdydd,Caerdydd,United Kingdom','TrustMark'),
(263,'SCW Builders Ltd','07704 616697','30 Channel Heights,null,Weston-super-Mare,Somerset,United Kingdom','TrustMark'),
(264,'E & P Services','01934 744665','15 Tor View,null,Cheddar,Somerset,UK','TrustMark'),
(265,'AquaGard Roofing Solutions','01934 750485','PO Box 657,null,Ashcombe,Weston-super-Mare,null','TrustMark'),
(266,'IB Contractors Ltd','029 20839135','Sloper Road,null,Cardiff,South Glamorgan,United Kingdom','TrustMark'),
(267,'Daniel Robb Ltd','0117 313 4862','The Old Bakehouse,2a Teewell,Bristol,Avon,UK','TrustMark'),
(268,'Comera Power Limited','0845 519 4608','40 Berkeley Square,null,Bristol,Gloucestershire,UK','TrustMark'),
(269,'RG Electrical Bristol Limited','07826 855929','Unit 6, Damery Works,Damery Lane,Berkeley,Bristol,UK','TrustMark'),
(270,'Trevor Clarke','07713 462213','20 Starling Grove,null,Smiths Wood,null,England','TrustMark'),
(271,'Amber Group','020 83955555','Amber Marsella Ltd,15 West Street,Epsom,Surrey,United Kingdom','TrustMark'),
(272,'Acorn Stairlifts','0800 612 4330','Local Office,Bradley Stoke,Bristol,,UK','TrustMark'),
(273,'Bilal Ahmed','07728 344412','131 Bootle Street,null,PRESTON,Lancashire,England','TrustMark'),
(274,'Beaver Electrical Ltd','0117 377 8900','48 North Street,Bedminster,Bristol,Gloucestershire,UK','TrustMark'),
(275,'Rentokil Property Care','0808 278 0315','Unit 9 Eldon Way,Whitby Road,Bristol,,UK','TrustMark'),
(276,'Chew Valley Construction Ltd','07572 627245','Unit 2,95 Church Road,Bristol,Gloucestershire,UK','TrustMark'),
(277,'SPS Flat Roof Systems','01275 544449','Unit 7, Market Industrial Estate,North End Road,Yatton,North Somerset,UK','TrustMark'),
(278,'Yate Windows Ltd','01454 285230','64 Station Road,Yate,Bristol,null,UK','TrustMark'),
(279,'Signature Sean Horler Ltd','01633 889086','Pill Farm,null,Caldicot,Gwent,United Kingdom','TrustMark'),
(280,'W J D Llewellyn & Sons','01454 619994','2 Stanshaws Close,Bradley Stoke,Bristol,Avon,UK','TrustMark'),
(281,'Aura Floorcare','0117 279 1682','Business Centre, 12 Whiteladies Road,,Clifton,Bristol,UK','TrustMark'),
(282,'Gas Tech Wales Ltd','01495 371321','Unit 2, Roseheyworth Business Park,null,Abertillery,Gwent,UK','TrustMark'),
(283,'J B Young & Sons Ltd','01453 842103','The Grange,Ragnall,Wotton-under-Edge,Gloucestershire,United Kingdom','TrustMark'),
(284,'A & M Energy Solutions Ltd','029 20461802','Unit 39,Portmanmoor Road Industrial Estate,null,Cardiff,null','TrustMark'),
(285,'Bell Group UK Ltd','01752 779947','Office Suite,Bridgwater Road, Redhill,Bristol,null,England','TrustMark'),
(286,'Kelray Ltd','01443 693236','Unit 3,Merthyr Tydfil Industrial Park,Merthyr Tydfil,Mid Glamorgan,United Kingdom','TrustMark'),
(287,'A E Energy Solutions Ltd','03330509980','Unit 9,Greenhill Court,Springmeadow Business Park,Cardiff,Wales','TrustMark'),
(288,'City Energy Facilities Management Limited','029 21303694','Coptic House 4-5 Mount Stuart Square,null,Cardiff,null,Wales','TrustMark'),
(289,'Phillips Construction Limited','07557 347434','3 Tyne Park,null,Taunton,Somerset,United Kingdom','TrustMark'),
(290,'The Roots Company','0800 043 0103','1 Little King Street,,BRISTOL,,UK','TrustMark'),
(291,'Joel Sheppard Construction Services ltd','07950 542269','63 Castleland street,null,Barry,null,United Kingdom','TrustMark'),
(292,'Eco Carbon Traders Limited','01495 366575','Unit G2 Chapel Farm Industrial Estate,Cwmcarn,NEWPORT,null,Wales','TrustMark'),
(293,'Henry Easterbrook','07771 928131','44 Lilymead Avenue,Knowle,Bristol,,UK','TrustMark'),
(294,'Kennick Building Contractors Limited','07802 927410','4 Charlcombe View Road,null,Bath,Avon,United Kingdom','TrustMark'),
(295,'C&G Mobility Lifts Ltd t/a Hanover Lifts','01392 461061','Unit 1 Newbery Commercial Centre,Fair Oak Close,Exeter Airport,Exeter,UK','TrustMark'),
(296,'JG Electrical Services','01454 316792','13 Templar Road,null,Yate,null,England','TrustMark'),
(297,'Bamfords (Yeovil) Ltd','01935 423006','24 Garrett Road,Lynx Trading Estate,Yeovil,Somerset,UK','TrustMark'),
(298,'Foundation Electrical Contractors','07947 947111','43 Claremont Gardens,null,Clevedon,null,England','TrustMark'),
(299,'SilverBirch Gardens','01278 722959','17 Willmotts Close,Chilton Polden,Bridgwater,Somerset,UK','TrustMark'),
(300,'Eco Home UK Group Ltd','07824 397566','Trym Lodge Henbury Road,Westbury-On-Trym,Bristol,null,England','TrustMark'),
(301,'Southwest Electrical Ltd','07725 833781','Admirals Yard,Station Road,Bristol,null,UK','TrustMark'),
(302,'RP Complete Building Services Ltd','07979 367916','35 Players Close,Hambrook,Bristol,Gloucestershire,United Kingdom','TrustMark'),
(303,'Walmsley Shaw','0117 403 2370','31 Rookery Road,,Bristol,Somerset,UK','TrustMark'),
(304,'Batello Garden Design','01934 843410','18 Woodborough Drive,,Winscombe,Somerset,UK','TrustMark'),
(305,'Inspire Build SW Ltd','07870 101099','16 Bridgwater Road,North Petherton,Bridgwater,Somerset,United Kingdom','TrustMark'),
(306,'SW Bennett Construction Ltd','07792 743649','3 Oakhunger Lane,null,Berkeley,Gloucestershire,United Kingdom','TrustMark'),
(307,'Garcia Building Services','0117 962 2204','Rose Cottage,Stoke Hamlet,Bristol,Avon,United Kingdom','TrustMark'),
(308,'RICH Ltd','0800 644 0668','2 Arrowfield Close,null,Bristol,null,UK','TrustMark'),
(309,'Newmark Construction Group Ltd','07880 436189','Newmark Construction Ltd,Newmark House,Bristol,Gloucestershire,United Kingdom','TrustMark'),
(310,'Green Bear Landscaping Ltd','0117 329 8842','40 Laurel Street,,Bristol,Gloucestershire,UK','TrustMark'),
(311,'JBS Lofts Ltd TA Jigsaw Building Solutions','0117 986 1273','Unit 1, Unity Court, Unity Road Twerton,Keynsham,Bristol,null,England','TrustMark'),
(312,'GreenBird Gardening','01275 562042','145 Phoenix Way,Portishead,Bristol,Somerset,UK','TrustMark'),
(313,'Blue Design & Build Ltd','07881 812696','28 Queens Road,Ashley Down,Bristol,Avon,United Kingdom','TrustMark'),
(314,'J C Swann Ltd (contractor/installer)','01285 656531','5 Cherry Tree Drive,Siddinton Road,Cirencester,Gloucestershire,UK','TrustMark'),
(315,'Energy Store (Dorset) Ltd','0800 043 0075','Suite 5,10 Didcot Road,Nuffield Industrial Estate,Poole,UK','TrustMark'),
(316,'Jon Pritchard Ltd','07584 688670','24-26 Bedminster Road,,Bedminster,Bristol,UK','TrustMark'),
(317,'G&W Electrical Ltd','07791 603848','53 Sandringham Avenue,null,Downend,null,England','TrustMark'),
(318,'Res Distribution','01935 316232','2a Kingfisher Close,Gazelle Road,Lynx Trading Estate,YEOVIL,null,UK','TrustMark'),
(319,'Smart Energy Homes Ltd','07758 139326','7b Castle Parade,Monmouthshire,Usk,Gwent,Wales','TrustMark'),
(320,'CK Carpentry Loft and Building Ltd','07518 426603','34 Bourne Road,null,Bristol,Somerset,United Kingdom','TrustMark'),
(321,'Evergray Ltd','07802 415915','10 The Parade,null,Porth,Rhondda Cynon Taff,United Kingdom','TrustMark'),
(322,'Bounty Energy Solutions and Technologies Ltd','07305 587668','Henleaze House,13 Harbury Road,Henleaze,null,England','TrustMark'),
(323,'Williams Carpentry & Building Contractors Ltd','01443 831800','Eastbrook House,Eastview Terrace,Bargoed,Mid Glamorgan,United Kingdom','TrustMark'),
(324,'Quality Finish','01454 773873','45 St Francis Drive,null,Winterbourne,Nr Bristol,null','TrustMark'),
(325,'Zing Energy Ltd','03308084365','Office 9, Jr Quarter,Moy Road Industrial Estate,Taffs Well,null,Wales','TrustMark'),
(326,'Bartlett Tree Experts (Bristol)','01275 371000','Units 22-25 Cross Lanes Farm,Cross Lanes, Pill,BRISTOL,Avon,UK','TrustMark'),
(327,'Craftworks (South West) Ltd','01934 863669','6 Bakers Buildings,null,Bristol,Avon,United Kingdom','TrustMark'),
(328,'Ian Perkins','07547 810375','7 Thomas Stock Gardens,Abbeymead,GLOUCESTER,Gloucestershire,England','TrustMark'),
(329,'Gray & Amor Ltd.','01380 587006','21 Whistley Road,Potterne,Devizes,Wiltshire,United Kingdom','TrustMark'),
(330,'MAW Building Services','07791 074245','29 Causeway View,Nailsea,Bristol,Somerset,United Kingdom','TrustMark'),
(331,'ADC Ltd','0117 952 0786','The Old Bakery,60 Downend Rd,Bristol,,UK','TrustMark'),
(332,'Focus Building & Maintenance Services Ltd','0117 924 0606','Tall Pines,26A Henbury Road,Bristol,Avon,United Kingdom','TrustMark'),
(333,'Albino Builders Limited','01749 344965','Unit 1, Quarry Way Business Park,Waterlip,Shepton Mallet,Somerset,United Kingdom','TrustMark'),
(334,'Master Homes and Developments Ltd','07788 246162','59 Phoenix Way,Portishead,Bristol,Somerset,United Kingdom','TrustMark'),
(335,'COUNTY TRADING SERVICES','07837 505119','1 ALVIN STREET,null,GLOUCESTER,GLOUCESTERSHIRE,null','TrustMark'),
(336,'Valley Developments Ltd','01275 472894','10 Market Place,null,Bristol,Avon,United Kingdom','TrustMark'),
(337,'Landbased Services Ltd','01934 251974','8 Woodland Road,null,WESTON-SUPER-MARE,Avon,England','TrustMark'),
(338,'Mears Group PLC','01297 300800','1390 Montpellier Court,null,Brockworth,null,UK','TrustMark'),
(339,'McCann Building Services','07774 104038','136 Redlands Road,Penarth,Vale of Glamorgan,Wales,Wales','TrustMark'),
(340,'Chad Briggs','07503 882961','7 NORTH VIEW DRIVE,BANWELL,ENGLAND,null,null','TrustMark'),
(341,'Peter McNeill','07859 912444','St James Court,ST. JAMES PARADE,BRISTOL,null,England','TrustMark'),
(342,'Stefan De Wet','07913 235686','Aztec Centre, Unit 16,AZTEC WEST,BRISTOL,,UK','TrustMark'),
(343,'Hawkins Insulation Limited','01275 839500','101 Central Park,Petherton Road,Bristol,Avon,United Kingdom','TrustMark'),
(344,'Hotchkins Building Services Ltd','01454 887178','45 Nicholls Lane,null,Bristol,Avon,United Kingdom','TrustMark'),
(345,'James Mason T/A Green Genie Energy Ltd','07538 579501','Newminster House,St Stephens Street,Bristol,null,England','TrustMark'),
(346,'Task Experience Ltd T/A All Heating One','0800 031 4395','Office 1.6,1 Macdowall Street,Paisley,null,Scotland','TrustMark'),
(347,'Acorn Stairlifts','0800 612 4330','Local Office,Yeovil,Somerset,,UK','TrustMark'),
(348,'J Vincent Lofts Ltd','07901 850568','8 Chester Park,null,Bristol,Avon,United Kingdom','TrustMark'),
(349,'Eco Green Partners Ltd','01275 350085','Unit 7, Stileway Business Park,Lower Strode Road,Clevedon,null,England','TrustMark'),
(350,'M J Hardwick General Builder','01454 228420','Oakdene,New Road,null,South Gloucestershire,United Kingdom','TrustMark'),
(351,'Stephen Reynolds','07754 034106','8 CRANLEIGH COURT ROAD,YATE,BRISTOL,null,null','TrustMark'),
(352,'Direct Maintenance Contractors','07880 742297','2 Twyn Y Fedwen Road,Whitchurch,Cardiff,South Glamorgan,United Kingdom','TrustMark'),
(353,'Acorn Stairlifts','0800 612 4330','Local Office,Lon-y-llyn,Caerphilly,Mid Glamorgan,UK','TrustMark'),
(354,'Parkinson Carpentry And Building','07923 122456','40 Smithcourt Drive,Little Stoke,Bristol,Gloucestershire,United Kingdom','TrustMark'),
(355,'Koze Group Ltd','07824 167768','Trafalgar House,Kemble Airfield Enterprise Park,Kemble,null,England','TrustMark'),
(356,'Crg Electrical / Maintenance','07846 087849','45 Bath Road,null,Bitton,null,England','TrustMark'),
(357,'SMH Construction Ltd','07717 824702','S M H Construction Ltd,Unit 30, Bonville Business Centre,Bristol,Somerset,United Kingdom','TrustMark'),
(358,'Boss Electrical','07463 751418','The Kabers,Bristol Road,Winscombe,null,England','TrustMark'),
(359,'Emory Preservation Ltd','0117 951 9843','150 Cranbrook Road,Redland,Bristol,,UK','TrustMark'),
(360,'Branch Walkers Tree Services Limited','0117 968 2361','29 St Edyth\'s Road,Sea Mills,BRISTOL,Avon,UK','TrustMark'),
(361,'Pink Heating & Renewables Ltd','07818 063646','2 Old Aust Road,Almondsbury,Bristol,Gloucestershire,UK','TrustMark'),
(362,'Res Distribution  ','07809 401332','2a Kingfisher Close,Gazelle Road,Lynx Trading Estate,YEOVIL,null,UK','TrustMark'),
(363,'TBS Electrical Services Ltd TA TBS Electrical','07837 578698','Flat 3, 74 Locking Road,null,Weston-Super-Mare,null,UK','TrustMark'),
(364,'Brett Hardy Landscapes','01225 789990','37 Forester Road,,Bath,Somerset,UK','TrustMark'),
(365,'EFFICIENT ENERGY SERVICES LTD (T/A ECO GIANTS)','01200 411830','FORMER AMBULANCE STATION,OFF PRINCESS AVENUE,CLITHEROE,LANCASHIRE,England','TrustMark'),
(366,'PHS HOME SOLUTIONS LIMITED','0191 387 0118','VENTER BUILDING, 3 MANDARIN ROAD,RAINTON BRIDGE BUSINESS PARK,HOUGHTON LE SPRING,DH4 5RA,England','TrustMark'),
(367,'City Energy Network Limited','029 20499183','Coptic House,4-5 Mount Stuart Square,Cardiff,null,Wales','TrustMark'),
(368,'Gemsolar Limited T/A Gemsolar','0117 902 0095','326 Redcatch Road,null,Bedminster,null,England','TrustMark'),
(369,'County Flat Roofing UK Ltd','01934 417488','Unit 5,Sunnyside Road North,Weston-super-Mare,Somerset,UK','TrustMark'),
(370,'Mendip Conservatory & Window Centre','01934 877666','Roundtrees Garden Centre,Smallway,Congresbury,Bristol,UK','TrustMark'),
(371,'Drovers Lifts Ltd','01884 34615','Drovers View,Shortlands Lane,CULLOMPTON,Devon,England','TrustMark'),
(372,'Jowett & Jowett Limited','01278 453443','Unit 5, Moorlynch Vineyard,Spring Lane, Moorlinch,Bridgwater,Somerset,UK','TrustMark'),
(373,'Complete Remedial Solutions (CRS) Ltd','01656 253194','Fairway House,Fortran Road,St. Mellon’s,Wales, Cardiff ,Wales','TrustMark'),
(374,'G&S Heating Services Ltd','07951 156122','23 Heol-y-glyn,null,Treharris,null,UK','TrustMark'),
(375,'Eco Gen Contractors Ltd','01776 859757','Unit 5a,Fountain Way, Blackparks Ind Est,Stranrear,null,Scotland','TrustMark'),
(376,'Ecofit Energy Systems Ltd','01443 291020','9-11 The Courtyard,Parc Busnes Edwards,Llantrisant,null,Wales','TrustMark'),
(377,'Goldenstones Gardening','01453 835032','2 New Cottages,Barton End,Stroud,Gloucestershire,UK','TrustMark'),
(378,'Concrete Contractors (Bristol) Ltd','0117 932 3847','Long Acres,Redfield Hill,Bristol,Avon,United Kingdom','TrustMark'),
(379,'Sonia Pruzinsky','07583 944413','Centre for Sustainable Energy, St James Court ,ST. JAMES PARADE,BRISTOL,null,England','TrustMark'),
(380,'Stefan De Wet','01454 838632','Aztec Centre, Unit 16,Aztec West,Almondsbury,Bristol,UK','TrustMark'),
(381,'David Gray Plumbing','01432 870220','1,Pippin Close,,Hereford,,UK','TrustMark'),
(382,'Green Energy Engineering Ltd','028 38820043','198a Lurgan Road,Dromore,Co Down,null,Northern Ireland','TrustMark'),
(383,'Paul O\'Brien Roofing Limited','0117 952 2522','Unit 5 Victoria Grove,null,Bedminster,Bristol,null','TrustMark'),
(384,'IDM Doors Limited','01633 843098','Rock Wharf,,Mill Parade,NEWPORT,Gwent,UK','TrustMark'),
(385,'ESW Construction Services Ltd','0117 955 9337','Unit A  Berkeley Court Business Park,Earl Russell Way,Bristol,Bristol,null','TrustMark'),
(386,'Cardiff & Vale Property Improvements','07966 373731','33 South Road,Sully,Penarth,South Glamorgan,United Kingdom','TrustMark'),
(387,'Start To Finish Contractors (South West) Limited','07877 054708','1 Berrows Mead,null,Bristol,Bristol,UK','TrustMark'),
(388,'Ezee Let Ltd','07974 931605','772 Newport Road,Rumney,Cardiff,Caerdydd,United Kingdom','TrustMark'),
(389,'J R Building Ltd','01452 741881','Passage Farm,passage road,Gloucester,Gloucestershire,United Kingdom','TrustMark'),
(390,'Centric Home Improvements Ltd','0800 111 4112','12 Collena Road,Tonyrefail,Tonypandy,Mid Glamorgan,UK','TrustMark'),
(391,'Acorn Stairlifts','0800 612 4330','Local Office,Kingsway,Quedgeley,Gloucester,UK','TrustMark'),
(392,'Joe Dorman','07505 559604','Flat A, 294 St Johns Lane,,Bristol,,UK','TrustMark'),
(393,'Hewer Facilities Management Ltd','07809 659479','Unit G1, The Aquarius Centre,Edison Close, Waterwells,Gloucester,null,UK','TrustMark'),
(394,'Powerhug Ltd','01424 575001','114 Hughenden Road,null,Hastings,null,England','TrustMark'),
(395,'Solarsense (UK) Ltd','01275 461800','Helios House,Brockley Lane,Backwell,Bristol,UK','TrustMark'),
(396,'Air Control Ventilation Limited','07977 045578','10 Coed y Pica,null,Abertridwr,null,null','TrustMark'),
(397,'Premium Grade Renovations Ltd','07938 557264','51 Whitethorn Drive,Prestbury,Cheltenham,Gloucestershire,United Kingdom','TrustMark'),
(398,'The Knotweed Company Ltd','01962 886060','FAKE POSTCODE,,,,UK','TrustMark'),
(399,'George Goddard','0117 363 4301','St James Court,ST. JAMES PARADE,BRISTOL,null,England','TrustMark'),
(400,'Thomas McCoy Roofing and Building','07815 120228','65 Bardsey Crescent,Llanishen,Caerdydd,Caerdydd,United Kingdom','TrustMark'),
(401,'Lee Glenister','07912 091114','61 GAZELLE ROAD,null,WESTON-SUPER-MARE,null,England','TrustMark'),
(402,'Silvey Roofing Limited','01446 404838','52 Castle Avenue,null,Penarth,South Glamorgan,Wales','TrustMark'),
(403,'Commercial Biomass Ltd','01935 476927','Unit 1 The Parade Ground,Lufton Trading Estate,Lufton,Yeovil,UK','TrustMark'),
(404,'A & M Energy Solutions Ltd','029 20461802','Unit 39,Portmanmoor Road Industrial Estate,,Cardiff,null','TrustMark'),
(405,'Advance Energy Services Ltd','03333054054','1 New Buildings,High Street,Newbridge,Gwent,null','TrustMark'),
(406,'C & A Johnson Ltd','0117 965 9575','103a Filwood Road,null,Bristol,Avon,United Kingdom','TrustMark'),
(407,'Chipping Sodbury Kitchens Ltd','07785 753704','398-400 Gloucester Road,Horfield,Bristol,null,UK','TrustMark'),
(408,'WPE Construction Limited','07736 975137','3 Chestnut Close,null,Banwell,null,England','TrustMark'),
(409,'Cook Electrical Services Ltd','07702 254554','5 Rogers Close,Clutton,Bristol,Bristol,UK','TrustMark'),
(410,'Ian Harvey','07733 101901','9 Westleigh Park,null,Hengrove,null,England','TrustMark'),
(411,'Warmplan Heating Engineers Limited','01633 682819','Newport Road,Castleton,Cardiff,null,UK','TrustMark'),
(412,'J Green Plastering and Building Services Ltd','0117 909 5286','11 Cassey Bottom Lane,St George,Bristol,Avon,United Kingdom','TrustMark'),
(413,'Clearview Windows','01278 433000','Unit B,Allerton Road,Bridgwater,Somerset,UK','TrustMark'),
(414,'Caines Loft Conversions Ltd','07973 614952','Henleaze House,13 Harbury Road,Bristol,Avon,United Kingdom','TrustMark'),
(415,'MCA Renewables Limited','0141 333 0700','112 Mid Wharf Street,Glasgow,,,UK','TrustMark'),
(416,'Westwick Windows','07444 705264','53 Turnock Gardens,West Wick,Weston-Super-Mare,Somerset,UK','TrustMark'),
(417,'Richard Jones Builders','07977 948595','55 The Sanctuary,null,Caerdydd,Caerdydd,United Kingdom','TrustMark'),
(418,'SCW Builders Ltd','07704 616697','30 Channel Heights,null,Weston-super-Mare,Somerset,United Kingdom','TrustMark'),
(419,'E & P Services','01934 744665','15 Tor View,null,Cheddar,Somerset,UK','TrustMark'),
(420,'AquaGard Roofing Solutions','01934 750485','PO Box 657,null,Ashcombe,Weston-super-Mare,null','TrustMark'),
(421,'IB Contractors Ltd','029 20839135','Sloper Road,null,Cardiff,South Glamorgan,United Kingdom','TrustMark'),
(422,'Daniel Robb Ltd','0117 313 4862','The Old Bakehouse,2a Teewell,Bristol,Avon,UK','TrustMark'),
(423,'Comera Power Limited','0845 519 4608','40 Berkeley Square,null,Bristol,Gloucestershire,UK','TrustMark'),
(424,'RG Electrical Bristol Limited','07826 855929','Unit 6, Damery Works,Damery Lane,Berkeley,Bristol,UK','TrustMark'),
(425,'Trevor Clarke','07713 462213','20 Starling Grove,null,Smiths Wood,null,England','TrustMark'),
(426,'Amber Group','020 83955555','Amber Marsella Ltd,15 West Street,Epsom,Surrey,United Kingdom','TrustMark'),
(427,'Acorn Stairlifts','0800 612 4330','Local Office,Bradley Stoke,Bristol,,UK','TrustMark'),
(428,'Bilal Ahmed','07728 344412','131 Bootle Street,null,PRESTON,Lancashire,England','TrustMark'),
(429,'Beaver Electrical Ltd','0117 377 8900','48 North Street,Bedminster,Bristol,Gloucestershire,UK','TrustMark'),
(430,'Rentokil Property Care','0808 278 0315','Unit 9 Eldon Way,Whitby Road,Bristol,,UK','TrustMark'),
(431,'Chew Valley Construction Ltd','07572 627245','Unit 2,95 Church Road,Bristol,Gloucestershire,UK','TrustMark'),
(432,'SPS Flat Roof Systems','01275 544449','Unit 7, Market Industrial Estate,North End Road,Yatton,North Somerset,UK','TrustMark'),
(433,'Yate Windows Ltd','01454 285230','64 Station Road,Yate,Bristol,null,UK','TrustMark'),
(434,'Signature Sean Horler Ltd','01633 889086','Pill Farm,null,Caldicot,Gwent,United Kingdom','TrustMark'),
(435,'W J D Llewellyn & Sons','01454 619994','2 Stanshaws Close,Bradley Stoke,Bristol,Avon,UK','TrustMark'),
(436,'Aura Floorcare','0117 279 1682','Business Centre, 12 Whiteladies Road,,Clifton,Bristol,UK','TrustMark'),
(437,'Gas Tech Wales Ltd','01495 371321','Unit 2, Roseheyworth Business Park,null,Abertillery,Gwent,UK','TrustMark'),
(438,'J B Young & Sons Ltd','01453 842103','The Grange,Ragnall,Wotton-under-Edge,Gloucestershire,United Kingdom','TrustMark'),
(439,'A & M Energy Solutions Ltd','029 20461802','Unit 39,Portmanmoor Road Industrial Estate,null,Cardiff,null','TrustMark'),
(440,'Bell Group UK Ltd','01752 779947','Office Suite,Bridgwater Road, Redhill,Bristol,null,England','TrustMark'),
(441,'Kelray Ltd','01443 693236','Unit 3,Merthyr Tydfil Industrial Park,Merthyr Tydfil,Mid Glamorgan,United Kingdom','TrustMark'),
(442,'A E Energy Solutions Ltd','03330509980','Unit 9,Greenhill Court,Springmeadow Business Park,Cardiff,Wales','TrustMark'),
(443,'City Energy Facilities Management Limited','029 21303694','Coptic House 4-5 Mount Stuart Square,null,Cardiff,null,Wales','TrustMark'),
(444,'Phillips Construction Limited','07557 347434','3 Tyne Park,null,Taunton,Somerset,United Kingdom','TrustMark'),
(445,'The Roots Company','0800 043 0103','1 Little King Street,,BRISTOL,,UK','TrustMark'),
(446,'Joel Sheppard Construction Services ltd','07950 542269','63 Castleland street,null,Barry,null,United Kingdom','TrustMark'),
(447,'Eco Carbon Traders Limited','01495 366575','Unit G2 Chapel Farm Industrial Estate,Cwmcarn,NEWPORT,null,Wales','TrustMark'),
(448,'Henry Easterbrook','07771 928131','44 Lilymead Avenue,Knowle,Bristol,,UK','TrustMark'),
(449,'Kennick Building Contractors Limited','07802 927410','4 Charlcombe View Road,null,Bath,Avon,United Kingdom','TrustMark'),
(450,'C&G Mobility Lifts Ltd t/a Hanover Lifts','01392 461061','Unit 1 Newbery Commercial Centre,Fair Oak Close,Exeter Airport,Exeter,UK','TrustMark'),
(451,'JG Electrical Services','01454 316792','13 Templar Road,null,Yate,null,England','TrustMark'),
(452,'Bamfords (Yeovil) Ltd','01935 423006','24 Garrett Road,Lynx Trading Estate,Yeovil,Somerset,UK','TrustMark'),
(453,'Foundation Electrical Contractors','07947 947111','43 Claremont Gardens,null,Clevedon,null,England','TrustMark'),
(454,'SilverBirch Gardens','01278 722959','17 Willmotts Close,Chilton Polden,Bridgwater,Somerset,UK','TrustMark'),
(455,'Eco Home UK Group Ltd','07824 397566','Trym Lodge Henbury Road,Westbury-On-Trym,Bristol,null,England','TrustMark'),
(456,'Southwest Electrical Ltd','07725 833781','Admirals Yard,Station Road,Bristol,null,UK','TrustMark'),
(457,'RP Complete Building Services Ltd','07979 367916','35 Players Close,Hambrook,Bristol,Gloucestershire,United Kingdom','TrustMark'),
(458,'Walmsley Shaw','0117 403 2370','31 Rookery Road,,Bristol,Somerset,UK','TrustMark'),
(459,'Batello Garden Design','01934 843410','18 Woodborough Drive,,Winscombe,Somerset,UK','TrustMark'),
(460,'Inspire Build SW Ltd','07870 101099','16 Bridgwater Road,North Petherton,Bridgwater,Somerset,United Kingdom','TrustMark'),
(461,'SW Bennett Construction Ltd','07792 743649','3 Oakhunger Lane,null,Berkeley,Gloucestershire,United Kingdom','TrustMark'),
(462,'Garcia Building Services','0117 962 2204','Rose Cottage,Stoke Hamlet,Bristol,Avon,United Kingdom','TrustMark'),
(463,'RICH Ltd','0800 644 0668','2 Arrowfield Close,null,Bristol,null,UK','TrustMark'),
(464,'Newmark Construction Group Ltd','07880 436189','Newmark Construction Ltd,Newmark House,Bristol,Gloucestershire,United Kingdom','TrustMark'),
(465,'Green Bear Landscaping Ltd','0117 329 8842','40 Laurel Street,,Bristol,Gloucestershire,UK','TrustMark'),
(466,'JBS Lofts Ltd TA Jigsaw Building Solutions','0117 986 1273','Unit 1, Unity Court, Unity Road Twerton,Keynsham,Bristol,null,England','TrustMark'),
(467,'GreenBird Gardening','01275 562042','145 Phoenix Way,Portishead,Bristol,Somerset,UK','TrustMark'),
(468,'Blue Design & Build Ltd','07881 812696','28 Queens Road,Ashley Down,Bristol,Avon,United Kingdom','TrustMark'),
(469,'J C Swann Ltd (contractor/installer)','01285 656531','5 Cherry Tree Drive,Siddinton Road,Cirencester,Gloucestershire,UK','TrustMark'),
(470,'Energy Store (Dorset) Ltd','0800 043 0075','Suite 5,10 Didcot Road,Nuffield Industrial Estate,Poole,UK','TrustMark'),
(471,'Jon Pritchard Ltd','07584 688670','24-26 Bedminster Road,,Bedminster,Bristol,UK','TrustMark'),
(472,'G&W Electrical Ltd','07791 603848','53 Sandringham Avenue,null,Downend,null,England','TrustMark'),
(473,'Res Distribution','01935 316232','2a Kingfisher Close,Gazelle Road,Lynx Trading Estate,YEOVIL,null,UK','TrustMark'),
(474,'Smart Energy Homes Ltd','07758 139326','7b Castle Parade,Monmouthshire,Usk,Gwent,Wales','TrustMark'),
(475,'CK Carpentry Loft and Building Ltd','07518 426603','34 Bourne Road,null,Bristol,Somerset,United Kingdom','TrustMark'),
(476,'Evergray Ltd','07802 415915','10 The Parade,null,Porth,Rhondda Cynon Taff,United Kingdom','TrustMark'),
(477,'Bounty Energy Solutions and Technologies Ltd','07305 587668','Henleaze House,13 Harbury Road,Henleaze,null,England','TrustMark'),
(478,'Williams Carpentry & Building Contractors Ltd','01443 831800','Eastbrook House,Eastview Terrace,Bargoed,Mid Glamorgan,United Kingdom','TrustMark'),
(479,'Quality Finish','01454 773873','45 St Francis Drive,null,Winterbourne,Nr Bristol,null','TrustMark'),
(480,'Zing Energy Ltd','03308084365','Office 9, Jr Quarter,Moy Road Industrial Estate,Taffs Well,null,Wales','TrustMark'),
(481,'Bartlett Tree Experts (Bristol)','01275 371000','Units 22-25 Cross Lanes Farm,Cross Lanes, Pill,BRISTOL,Avon,UK','TrustMark'),
(482,'Craftworks (South West) Ltd','01934 863669','6 Bakers Buildings,null,Bristol,Avon,United Kingdom','TrustMark'),
(483,'Ian Perkins','07547 810375','7 Thomas Stock Gardens,Abbeymead,GLOUCESTER,Gloucestershire,England','TrustMark'),
(484,'Gray & Amor Ltd.','01380 587006','21 Whistley Road,Potterne,Devizes,Wiltshire,United Kingdom','TrustMark'),
(485,'MAW Building Services','07791 074245','29 Causeway View,Nailsea,Bristol,Somerset,United Kingdom','TrustMark'),
(486,'ADC Ltd','0117 952 0786','The Old Bakery,60 Downend Rd,Bristol,,UK','TrustMark'),
(487,'Focus Building & Maintenance Services Ltd','0117 924 0606','Tall Pines,26A Henbury Road,Bristol,Avon,United Kingdom','TrustMark'),
(488,'Albino Builders Limited','01749 344965','Unit 1, Quarry Way Business Park,Waterlip,Shepton Mallet,Somerset,United Kingdom','TrustMark'),
(489,'Master Homes and Developments Ltd','07788 246162','59 Phoenix Way,Portishead,Bristol,Somerset,United Kingdom','TrustMark'),
(490,'COUNTY TRADING SERVICES','07837 505119','1 ALVIN STREET,null,GLOUCESTER,GLOUCESTERSHIRE,null','TrustMark'),
(491,'Valley Developments Ltd','01275 472894','10 Market Place,null,Bristol,Avon,United Kingdom','TrustMark'),
(492,'Landbased Services Ltd','01934 251974','8 Woodland Road,null,WESTON-SUPER-MARE,Avon,England','TrustMark'),
(493,'Mears Group PLC','01297 300800','1390 Montpellier Court,null,Brockworth,null,UK','TrustMark'),
(494,'McCann Building Services','07774 104038','136 Redlands Road,Penarth,Vale of Glamorgan,Wales,Wales','TrustMark'),
(495,'Chad Briggs','07503 882961','7 NORTH VIEW DRIVE,BANWELL,ENGLAND,null,null','TrustMark'),
(496,'Peter McNeill','07859 912444','St James Court,ST. JAMES PARADE,BRISTOL,null,England','TrustMark'),
(497,'Stefan De Wet','07913 235686','Aztec Centre, Unit 16,AZTEC WEST,BRISTOL,,UK','TrustMark'),
(498,'Hawkins Insulation Limited','01275 839500','101 Central Park,Petherton Road,Bristol,Avon,United Kingdom','TrustMark'),
(499,'Hotchkins Building Services Ltd','01454 887178','45 Nicholls Lane,null,Bristol,Avon,United Kingdom','TrustMark'),
(500,'James Mason T/A Green Genie Energy Ltd','07538 579501','Newminster House,St Stephens Street,Bristol,null,England','TrustMark'),
(501,'Task Experience Ltd T/A All Heating One','0800 031 4395','Office 1.6,1 Macdowall Street,Paisley,null,Scotland','TrustMark'),
(502,'Acorn Stairlifts','0800 612 4330','Local Office,Yeovil,Somerset,,UK','TrustMark'),
(503,'J Vincent Lofts Ltd','07901 850568','8 Chester Park,null,Bristol,Avon,United Kingdom','TrustMark'),
(504,'Eco Green Partners Ltd','01275 350085','Unit 7, Stileway Business Park,Lower Strode Road,Clevedon,null,England','TrustMark'),
(505,'M J Hardwick General Builder','01454 228420','Oakdene,New Road,null,South Gloucestershire,United Kingdom','TrustMark'),
(506,'Stephen Reynolds','07754 034106','8 CRANLEIGH COURT ROAD,YATE,BRISTOL,null,null','TrustMark'),
(507,'Direct Maintenance Contractors','07880 742297','2 Twyn Y Fedwen Road,Whitchurch,Cardiff,South Glamorgan,United Kingdom','TrustMark'),
(508,'Acorn Stairlifts','0800 612 4330','Local Office,Lon-y-llyn,Caerphilly,Mid Glamorgan,UK','TrustMark'),
(509,'Parkinson Carpentry And Building','07923 122456','40 Smithcourt Drive,Little Stoke,Bristol,Gloucestershire,United Kingdom','TrustMark'),
(510,'Koze Group Ltd','07824 167768','Trafalgar House,Kemble Airfield Enterprise Park,Kemble,null,England','TrustMark'),
(511,'Crg Electrical / Maintenance','07846 087849','45 Bath Road,null,Bitton,null,England','TrustMark'),
(512,'SMH Construction Ltd','07717 824702','S M H Construction Ltd,Unit 30, Bonville Business Centre,Bristol,Somerset,United Kingdom','TrustMark'),
(513,'Boss Electrical','07463 751418','The Kabers,Bristol Road,Winscombe,null,England','TrustMark'),
(514,'Emory Preservation Ltd','0117 951 9843','150 Cranbrook Road,Redland,Bristol,,UK','TrustMark'),
(515,'Branch Walkers Tree Services Limited','0117 968 2361','29 St Edyth\'s Road,Sea Mills,BRISTOL,Avon,UK','TrustMark'),
(516,'Pink Heating & Renewables Ltd','07818 063646','2 Old Aust Road,Almondsbury,Bristol,Gloucestershire,UK','TrustMark'),
(517,'Res Distribution  ','07809 401332','2a Kingfisher Close,Gazelle Road,Lynx Trading Estate,YEOVIL,null,UK','TrustMark'),
(518,'TBS Electrical Services Ltd TA TBS Electrical','07837 578698','Flat 3, 74 Locking Road,null,Weston-Super-Mare,null,UK','TrustMark'),
(519,'Brett Hardy Landscapes','01225 789990','37 Forester Road,,Bath,Somerset,UK','TrustMark'),
(520,'EFFICIENT ENERGY SERVICES LTD (T/A ECO GIANTS)','01200 411830','FORMER AMBULANCE STATION,OFF PRINCESS AVENUE,CLITHEROE,LANCASHIRE,England','TrustMark'),
(521,'PHS HOME SOLUTIONS LIMITED','0191 387 0118','VENTER BUILDING, 3 MANDARIN ROAD,RAINTON BRIDGE BUSINESS PARK,HOUGHTON LE SPRING,DH4 5RA,England','TrustMark'),
(522,'City Energy Network Limited','029 20499183','Coptic House,4-5 Mount Stuart Square,Cardiff,null,Wales','TrustMark'),
(523,'Gemsolar Limited T/A Gemsolar','0117 902 0095','326 Redcatch Road,null,Bedminster,null,England','TrustMark'),
(524,'County Flat Roofing UK Ltd','01934 417488','Unit 5,Sunnyside Road North,Weston-super-Mare,Somerset,UK','TrustMark'),
(525,'Mendip Conservatory & Window Centre','01934 877666','Roundtrees Garden Centre,Smallway,Congresbury,Bristol,UK','TrustMark'),
(526,'Drovers Lifts Ltd','01884 34615','Drovers View,Shortlands Lane,CULLOMPTON,Devon,England','TrustMark'),
(527,'Jowett & Jowett Limited','01278 453443','Unit 5, Moorlynch Vineyard,Spring Lane, Moorlinch,Bridgwater,Somerset,UK','TrustMark'),
(528,'Complete Remedial Solutions (CRS) Ltd','01656 253194','Fairway House,Fortran Road,St. Mellon’s,Wales, Cardiff ,Wales','TrustMark'),
(529,'G&S Heating Services Ltd','07951 156122','23 Heol-y-glyn,null,Treharris,null,UK','TrustMark'),
(530,'Eco Gen Contractors Ltd','01776 859757','Unit 5a,Fountain Way, Blackparks Ind Est,Stranrear,null,Scotland','TrustMark'),
(531,'Ecofit Energy Systems Ltd','01443 291020','9-11 The Courtyard,Parc Busnes Edwards,Llantrisant,null,Wales','TrustMark'),
(532,'Goldenstones Gardening','01453 835032','2 New Cottages,Barton End,Stroud,Gloucestershire,UK','TrustMark'),
(533,'Concrete Contractors (Bristol) Ltd','0117 932 3847','Long Acres,Redfield Hill,Bristol,Avon,United Kingdom','TrustMark'),
(534,'Sonia Pruzinsky','07583 944413','Centre for Sustainable Energy, St James Court ,ST. JAMES PARADE,BRISTOL,null,England','TrustMark'),
(535,'Stefan De Wet','01454 838632','Aztec Centre, Unit 16,Aztec West,Almondsbury,Bristol,UK','TrustMark'),
(536,'David Gray Plumbing','01432 870220','1,Pippin Close,,Hereford,,UK','TrustMark'),
(537,'Green Energy Engineering Ltd','028 38820043','198a Lurgan Road,Dromore,Co Down,null,Northern Ireland','TrustMark'),
(538,'Paul O\'Brien Roofing Limited','0117 952 2522','Unit 5 Victoria Grove,null,Bedminster,Bristol,null','TrustMark'),
(539,'IDM Doors Limited','01633 843098','Rock Wharf,,Mill Parade,NEWPORT,Gwent,UK','TrustMark'),
(540,'ESW Construction Services Ltd','0117 955 9337','Unit A  Berkeley Court Business Park,Earl Russell Way,Bristol,Bristol,null','TrustMark'),
(541,'Cardiff & Vale Property Improvements','07966 373731','33 South Road,Sully,Penarth,South Glamorgan,United Kingdom','TrustMark'),
(542,'Start To Finish Contractors (South West) Limited','07877 054708','1 Berrows Mead,null,Bristol,Bristol,UK','TrustMark'),
(543,'Ezee Let Ltd','07974 931605','772 Newport Road,Rumney,Cardiff,Caerdydd,United Kingdom','TrustMark'),
(544,'J R Building Ltd','01452 741881','Passage Farm,passage road,Gloucester,Gloucestershire,United Kingdom','TrustMark'),
(545,'Centric Home Improvements Ltd','0800 111 4112','12 Collena Road,Tonyrefail,Tonypandy,Mid Glamorgan,UK','TrustMark'),
(546,'Acorn Stairlifts','0800 612 4330','Local Office,Kingsway,Quedgeley,Gloucester,UK','TrustMark'),
(547,'Joe Dorman','07505 559604','Flat A, 294 St Johns Lane,,Bristol,,UK','TrustMark'),
(548,'Hewer Facilities Management Ltd','07809 659479','Unit G1, The Aquarius Centre,Edison Close, Waterwells,Gloucester,null,UK','TrustMark'),
(549,'Powerhug Ltd','01424 575001','114 Hughenden Road,null,Hastings,null,England','TrustMark'),
(550,'Solarsense (UK) Ltd','01275 461800','Helios House,Brockley Lane,Backwell,Bristol,UK','TrustMark'),
(551,'Air Control Ventilation Limited','07977 045578','10 Coed y Pica,null,Abertridwr,null,null','TrustMark'),
(552,'Premium Grade Renovations Ltd','07938 557264','51 Whitethorn Drive,Prestbury,Cheltenham,Gloucestershire,United Kingdom','TrustMark'),
(553,'The Knotweed Company Ltd','01962 886060','FAKE POSTCODE,,,,UK','TrustMark'),
(554,'George Goddard','0117 363 4301','St James Court,ST. JAMES PARADE,BRISTOL,null,England','TrustMark'),
(555,'Thomas McCoy Roofing and Building','07815 120228','65 Bardsey Crescent,Llanishen,Caerdydd,Caerdydd,United Kingdom','TrustMark'),
(556,'Lee Glenister','07912 091114','61 GAZELLE ROAD,null,WESTON-SUPER-MARE,null,England','TrustMark'),
(557,'Silvey Roofing Limited','01446 404838','52 Castle Avenue,null,Penarth,South Glamorgan,Wales','TrustMark'),
(558,'Commercial Biomass Ltd','01935 476927','Unit 1 The Parade Ground,Lufton Trading Estate,Lufton,Yeovil,UK','TrustMark'),
(559,'A & M Energy Solutions Ltd','029 20461802','Unit 39,Portmanmoor Road Industrial Estate,,Cardiff,null','TrustMark'),
(560,'Advance Energy Services Ltd','03333054054','1 New Buildings,High Street,Newbridge,Gwent,null','TrustMark'),
(561,'C & A Johnson Ltd','0117 965 9575','103a Filwood Road,null,Bristol,Avon,United Kingdom','TrustMark'),
(562,'Chipping Sodbury Kitchens Ltd','07785 753704','398-400 Gloucester Road,Horfield,Bristol,null,UK','TrustMark'),
(563,'WPE Construction Limited','07736 975137','3 Chestnut Close,null,Banwell,null,England','TrustMark'),
(564,'Cook Electrical Services Ltd','07702 254554','5 Rogers Close,Clutton,Bristol,Bristol,UK','TrustMark'),
(565,'Ian Harvey','07733 101901','9 Westleigh Park,null,Hengrove,null,England','TrustMark'),
(566,'Warmplan Heating Engineers Limited','01633 682819','Newport Road,Castleton,Cardiff,null,UK','TrustMark'),
(567,'J Green Plastering and Building Services Ltd','0117 909 5286','11 Cassey Bottom Lane,St George,Bristol,Avon,United Kingdom','TrustMark'),
(568,'Clearview Windows','01278 433000','Unit B,Allerton Road,Bridgwater,Somerset,UK','TrustMark'),
(569,'Caines Loft Conversions Ltd','07973 614952','Henleaze House,13 Harbury Road,Bristol,Avon,United Kingdom','TrustMark'),
(570,'MCA Renewables Limited','0141 333 0700','112 Mid Wharf Street,Glasgow,,,UK','TrustMark'),
(571,'Westwick Windows','07444 705264','53 Turnock Gardens,West Wick,Weston-Super-Mare,Somerset,UK','TrustMark'),
(572,'Richard Jones Builders','07977 948595','55 The Sanctuary,null,Caerdydd,Caerdydd,United Kingdom','TrustMark'),
(573,'SCW Builders Ltd','07704 616697','30 Channel Heights,null,Weston-super-Mare,Somerset,United Kingdom','TrustMark'),
(574,'E & P Services','01934 744665','15 Tor View,null,Cheddar,Somerset,UK','TrustMark'),
(575,'AquaGard Roofing Solutions','01934 750485','PO Box 657,null,Ashcombe,Weston-super-Mare,null','TrustMark'),
(576,'IB Contractors Ltd','029 20839135','Sloper Road,null,Cardiff,South Glamorgan,United Kingdom','TrustMark'),
(577,'Daniel Robb Ltd','0117 313 4862','The Old Bakehouse,2a Teewell,Bristol,Avon,UK','TrustMark'),
(578,'Comera Power Limited','0845 519 4608','40 Berkeley Square,null,Bristol,Gloucestershire,UK','TrustMark'),
(579,'RG Electrical Bristol Limited','07826 855929','Unit 6, Damery Works,Damery Lane,Berkeley,Bristol,UK','TrustMark'),
(580,'Trevor Clarke','07713 462213','20 Starling Grove,null,Smiths Wood,null,England','TrustMark'),
(581,'Amber Group','020 83955555','Amber Marsella Ltd,15 West Street,Epsom,Surrey,United Kingdom','TrustMark'),
(582,'Acorn Stairlifts','0800 612 4330','Local Office,Bradley Stoke,Bristol,,UK','TrustMark'),
(583,'Bilal Ahmed','07728 344412','131 Bootle Street,null,PRESTON,Lancashire,England','TrustMark'),
(584,'Beaver Electrical Ltd','0117 377 8900','48 North Street,Bedminster,Bristol,Gloucestershire,UK','TrustMark'),
(585,'Rentokil Property Care','0808 278 0315','Unit 9 Eldon Way,Whitby Road,Bristol,,UK','TrustMark'),
(586,'Chew Valley Construction Ltd','07572 627245','Unit 2,95 Church Road,Bristol,Gloucestershire,UK','TrustMark'),
(587,'SPS Flat Roof Systems','01275 544449','Unit 7, Market Industrial Estate,North End Road,Yatton,North Somerset,UK','TrustMark'),
(588,'Yate Windows Ltd','01454 285230','64 Station Road,Yate,Bristol,null,UK','TrustMark'),
(589,'Signature Sean Horler Ltd','01633 889086','Pill Farm,null,Caldicot,Gwent,United Kingdom','TrustMark'),
(590,'W J D Llewellyn & Sons','01454 619994','2 Stanshaws Close,Bradley Stoke,Bristol,Avon,UK','TrustMark'),
(591,'Aura Floorcare','0117 279 1682','Business Centre, 12 Whiteladies Road,,Clifton,Bristol,UK','TrustMark'),
(592,'Gas Tech Wales Ltd','01495 371321','Unit 2, Roseheyworth Business Park,null,Abertillery,Gwent,UK','TrustMark'),
(593,'J B Young & Sons Ltd','01453 842103','The Grange,Ragnall,Wotton-under-Edge,Gloucestershire,United Kingdom','TrustMark'),
(594,'A & M Energy Solutions Ltd','029 20461802','Unit 39,Portmanmoor Road Industrial Estate,null,Cardiff,null','TrustMark'),
(595,'Decorated By Design','07852 342861','Flat 2, 91 Ashley Road,Montpelier,Bristol,Avon,England','TrustMark'),
(596,'Christopher Morley','07854 952330','3 The Cottages,Station Road,Wrington,North Somerset,UK','TrustMark'),
(597,'Valente Group Limited T/A Renew-able Solutions','0131 210 0405','4 Bankpark Grange,null,Tranent,null,Scotland','TrustMark'),
(598,'Missiato Ltd','0117 956 9257','10 Kenmore Crescent,,Filton,,UK','TrustMark'),
(599,'The Gutter Doctor','07828 143498','Chalfont,Mountway Close,Taunton,,UK','TrustMark'),
(600,'Edgecombe and Sons','07966 426736','3 The Causeway,null,Highbridge,Somerset,United Kingdom','TrustMark'),
(601,'S J Building & Property Maintenance Ltd','07877 415755','22 Maes Glas,null,Barry,South Glamorgan,United Kingdom','TrustMark'),
(602,'Convert Energy Ltd','020 30048338','Unit 11 Canterbury innovation centre,University Rd,Canterbury,Kent,England','TrustMark'),
(603,'David Roberts','07900 522655','9 Churchways Avenue,Horfield,Bristol,null,England','TrustMark'),
(604,'Merit (SW) Ltd','01275 879783','26 Cabot Rise,null,Portishead,Somerset,United Kingdom','TrustMark'),
(605,'DRE Roofing Ltd','07399 430178','27 Chester Road,null,Bristol,Somerset,United Kingdom','TrustMark'),
(606,'DPT Cornerstone Ltd','01452 740154','Unit 3,Milton End,Gloucester,Gloucestershire,United Kingdom','TrustMark'),
(607,'Wilts Electrical Contracting Limited','01249 812850','Unit 10, Harris Road,Porte Marsh Industrial Estate,Calne,null,England','TrustMark'),
(608,'William Abbott Developments Ltd','07710 589683','Unit 13D Cornishway South Galmington Trading Estate,null,Taunton,Somerset,United Kingdom','TrustMark'),
(609,'Chew Valley Trees','01275 333752','Winford Road,Chew Magna,Bristol,Somerset,UK','TrustMark'),
(610,'Bristol & District Roofing Ltd','0117 304 8841','7 Stockwood Mews,St Annes Park,Brislington,Bristol,UK','TrustMark'),
(611,'Steve Gregor Plumbing & Heating Ltd T/A Gregor Heating, Electrical & Renewable E','0117 935 2400','Unit 1 Willcock House,null,Bristol,null,UK','TrustMark'),
(612,'Express Stairlifts Southwest','0800 530 0007','The New Chapel,St Blazey Road,Par,Cornwall,UK','TrustMark'),
(613,'Evolve Home Energy Solutions','01600 887551','Wyastone Business Park,Wyastone Leys,null,Monmouthshire,null','TrustMark'),
(614,'Piotr Building & Decorations','07590 264461','32 Hollisters drive,null,Bristol,Avon,United Kingdom','TrustMark'),
(615,'N. Trimby Electrical Services Ltd','07976 826649','247 Redcatch Road,,Bristol,Avon,UK','TrustMark'),
(616,'Kelly Brown','07779 087270','22 Brynland Avenue,Bishopston,Bristol,,UK','TrustMark'),
(617,'Tomorrow\'s Energy Ltd T/A Positive Ventilation','01443 810456','Tomorrows Energy Ltd, Unit 10,North Road, Penallta Industrial Estate,Hengoed,null,Wales','TrustMark'),
(618,'EEC Home Improvements','01704 539300','140 Norwood Road,null,Southport,Merseyside,UK','TrustMark'),
(619,'Lorna Barraclough','07903 228228','Centre For Sustainable Energy,St. James Court,BRISTOL,Avon,England','TrustMark'),
(620,'Abode Heat Ltd','07808 797218','Exeter Business Park,1 Emperor Way,Exeter,null,UK','TrustMark'),
(621,'Gavin Critten  T/A ADP Marketing And Promotions Ltd','07498 757059','Unit 3,Saint Ivel Way,Warmley,BRISTOL,England','TrustMark'),
(622,'P & M Pearce Builders Ltd','07889 269726','1 Queens Road,null,Trowbridge,Wiltshire,United Kingdom','TrustMark'),
(623,'Acorn Stairlifts','0800 612 4330','Local Office,Bishopston,Bristol,,UK','TrustMark'),
(624,'Workglobe Developments Limited','07775 997194','2 Stable Terrace,Bellotts Road,Bath,Somerset,United Kingdom','TrustMark'),
(625,'Bomac Building Services Ltd','07976 392354','37 Cheriton Drive,null,Cardiff,South Glamorgan,United Kingdom','TrustMark'),
(626,'Forest Electrical Services Ltd','01823 480905','Magnolia House,Windmill Hill,Ashill,Somerset,UK','TrustMark'),
(627,'EIS Services Ltd','01934 510433','17 Collingwood Close,Worle,Weston-Super-Mare,Somerset,UK','TrustMark'),
(628,'Ecogenius Limited','07894 407889','34 Cliveland Street,null,Brmingham,null,England','TrustMark'),
(629,'Atkins Builders Ltd','07875 842507','47 Maesdown Road,Evercreech,Shepton Mallet,Somerset,United Kingdom','TrustMark'),
(630,'Windrose Homes Ltd','07867 725131','Waterworks Cottage,Gurney Slade,Radstock,Somerset,United Kingdom','TrustMark'),
(631,'SPS (South) Ltd t/a Cromwell Windows, Doors & Conservatories','01256 470400','Lower Mill Farm,Newnham Lane,Old Basing,Hampshire,UK','TrustMark'),
(632,'L&M Tree Services Ltd','01275 545778','15 Clydesdale Close,Whitchurch,BRISTOL,Avon,UK','TrustMark'),
(633,'Allen and Woodard Building Contractors Limited','07718 788351','Unit 2A,Westcombe Trading Estate,Ilminster,Somerset,United Kingdom','TrustMark'),
(634,'Environmental Systems Ltd - Ian Hurst','07969 290879','Suite 2,Blackthorn House,BIRMINGHAM,West Midlands,England','TrustMark'),
(635,'Tom Creed Bespoke Design & Build','029 20600494','46 Greenacre Drive,Pontprennau,Caerdydd,Caerdydd,United Kingdom','TrustMark'),
(636,'Daniel Fowler','07701 281031','Liberty Gas Group ltd / NetZero Collective,Garden works, Charley wood road,Liverpool,null,England','TrustMark'),
(637,'Redleif Limited','07704 087350','6 Teddington Road,,Portsmouth,Hampshire,UK','TrustMark'),
(638,'Eco Assist Limited','01249 812282','14 Marden Way,null,Calne,null,England','TrustMark'),
(639,'Goode Building Services','029 20884394','21 Ware Road,null,Caerphilly,Caerffili,United Kingdom','TrustMark'),
(640,'D. E. Shuff Ltd','07568 191154','1 Barnabas Close,null,Axbridge,null,England','TrustMark'),
(641,'Stannah Lift Services Ltd','0117 906 1380','Unit 2 Brook Office Park,Emmersons Green,Bristol,Somerset,England','TrustMark'),
(642,'Lisa Dean','0117 934 1400','St James Court ST. JAMES PARADE,null,BRISTOL,null,England','TrustMark'),
(643,'Stanley C Baker & Sons Ltd','01458 860555','The Sawmills,Back Lane,Glastonbury,Somerset,United Kingdom','TrustMark'),
(644,'Kings Home Improvements Ltd','01225 707707','594 Semington Road,null,Melksham,null,UK','TrustMark'),
(645,'LSJ Building and Construction Ltd','07875 752046','18 Fairwater Avenue,null,Cardiff,Caerdydd,United Kingdom','TrustMark'),
(646,'Viking Electrical Contractors Ltd','07876 190435','80 Berryhill Crescent,null,Wishaw,null,Scotland','TrustMark'),
(647,'Renewable NRG Solutions Ltd','01477 531840','The Shippon, Hollins Farm Twemlow Lane,Cranage,CREWE,null,England','TrustMark'),
(648,'Michael Edmonstone','07950 008333','The Old Forge,Notting Hill Way,Lower Weare,Somerset,UK','TrustMark'),
(649,'City Energy Network Limited','029 20499183','Coptic House,Mount Stuart Square,Cardiff,Cardiff,null','TrustMark'),
(650,'Jack Allen','07792 840991','Unit 11 St Bonaventure\'s Business Centre,Friary Road,Bristol,Avon,UK','TrustMark'),
(651,'Intex Interiors Ltd','01275 791865','12 Riverway,null,Bristol,Avon,United Kingdom','TrustMark'),
(652,'Davies Contractors Ltd','07941 628613','Unit 5a,Felnex Industrial Estate,Newport,Newport,United Kingdom','TrustMark'),
(653,'Roofsure Ltd','0800 999 4547','Metro House,14 - 17 Metropolitan Business Park,Blackpool,Lancashire,UK','TrustMark'),
(654,'CSW Loft Conversions Limited','07883 363866','37 Willoughby Close,Bristol,,,UK','TrustMark'),
(655,'Emery Building Ltd','029 20220061','43a Brunswick Street,null,Cardiff,South Glamorgan,United Kingdom','TrustMark'),
(656,'K2 Building Company','07704 073747','13A High Street,null,Calne,Wiltshire,United Kingdom','TrustMark'),
(657,'Evolve Home Energy Solutions Ltd','01600 887551','Wyaston Business Park,null,Manmouth,Ganarew,null','TrustMark'),
(658,'Laver Group Ltd','01443 404516','Riverside Buildings,null,Pontypridd,null,UK','TrustMark'),
(659,'AMS Electrical','01934 520116','Office Suite 1,Locking Road Bus Park,Weston Super Mare,null,UK','TrustMark'),
(660,'Zing Energy Ltd','03308084365','J R Quarter,,Moy Road Industrial Estate,,Cardiff,null,UK','TrustMark'),
(661,'Low Carbon Exchange Ltd','0117 359 1410','61 Gazelle Road,null,Weston-Super-Mare,North Somerset,UK','TrustMark'),
(662,'Prism UK Medical Ltd','01924 840100','Prism Medical UK,Unit 4,Wakefield,West Yorkshire,England','TrustMark'),
(663,'A S Baker Carpentry & Building Limited','01278 428713','26 Ashleigh Avenue,null,Bridgwater,Somerset,United Kingdom','TrustMark'),
(664,'Artisan Landscapes','0117 973 8519','69 Princess Victoria Street,Clifton,Bristol,Somerset,UK','TrustMark'),
(665,'Paul Baker Construction Ltd','07971 699737','Paul Baker Construction Ltd,Booker Street,Cardiff,Caerdydd,United Kingdom','TrustMark'),
(666,'JA Construction & Carpentry Ltd','07815 833885','23 Woodforde Green,null,Castle Gary,Somerset,United Kingdom','TrustMark'),
(667,'Chad Briggs','07503 882961','7 North View Drive,,Banwell,Somerset,UK','TrustMark'),
(668,'Interglow (Contracts Ltd)','01763 208563','Shepreth Road,Fowlmere,Royston,Hertfordshire,null','TrustMark'),
(669,'Poole Single Ply Roofing Systems','01275 876146','38 Kingston Avenue,,Clevedon,Somerset,UK','TrustMark'),
(670,'Grant Engineering (UK) Limited','01380 736920','Frankland House,Frankland Road,Swindon,null,England','TrustMark'),
(671,'K P Construction','07730 502781','16 Courtenay Crescent,,Bristol,Bristol,UK','TrustMark'),
(672,'Henry John','07971 037026','24 Kingsmead,Nailsea,Bristol,Avon,England','TrustMark'),
(673,'Harris & Hughes Building & Maintenance','0117 977 2226','1 Somerset Road,null,Bristol,Avon,United Kingdom','TrustMark'),
(674,'Dean Electrical Services','07982 944401','2 Burchill Close,null,Clutton,null,England','TrustMark'),
(675,'BLS Groundworks & Fencing','07887 884563','48 Verbena Way,null,Weston-super-Mare,Somerset,United Kingdom','TrustMark'),
(676,'Woodgates Bristol Ltd','07597 920930','Corner Cottage, Itchington Road,,Tytherington,South Gloucestershire,UK','TrustMark'),
(677,'DM Developments (Inskip) Ltd t/a Eco Home Insulation','03334441062','Pad End Barn,Pinfold Lane,Inskip  Preston,Lancashire,England','TrustMark'),
(678,'Switch Electrical Solutions Ltd','07508 800661','36 Orchard Close,null,Kewstoke,null,England','TrustMark'),
(679,'BSB Floors and Walls Ltd','01225 704414','Unit 17 Inducs Acre,Avro Way,Melksham,Wiltshire,United Kingdom','TrustMark'),
(680,'Jason Clothier  T/A ADP Marketing And Promotions Ltd','0117 935 2784','Unit 3,Saint Ivel Way,Warmley,BRISTOL,England','TrustMark'),
(681,'Cross Group Building Works Ltd','07581 233965','30 Ty Rhiw,Taffs Well,Cardiff,Rhondda Cynon Taff,United Kingdom','TrustMark'),
(682,'Just Lofts','07514 795000','Unit 15,Fairfield Industrial Estate,Caerdydd,Caerdydd,United Kingdom','TrustMark'),
(683,'Gas World Ltd','0117 972 5340','Unit 1, Chapel Way,Avon Valley Business Park,Bristol,null,UK','TrustMark'),
(684,'Thermal Roof Ltd','01934 823870','Unit 21, Knightcott Industrial Estate,Knightcott,Banwell,Somerset,UK','TrustMark'),
(685,'Easylec Electrical Services Limited','07843 727821','Monarch House,1 Smyth Road,Bedminster,null,England','TrustMark'),
(686,'Build Twenty Two Limited','07889 779796','235 London Road East,Batheaston,Bath,Somerset,United Kingdom','TrustMark'),
(687,'Warmcare Insulation Ltd','01275 472876','Unit 3 Cattlemarket Business Park,Chew Road,Winford,Bristol,null','TrustMark'),
(688,'AJL Glass & Glazing','07745 164508','30 St. Johns Road,Timsbury,Bath,Avon,England','TrustMark'),
(689,'Keven Pearse Decorating & Maintenance Contractor','07889 742269','32 Calvados Road,,Taunton,Somerset,null,UK','TrustMark'),
(690,'MWH Heating and Plumbing Ltd','029 22217197','61 Coveny St,null,Cardiff,null,UK','TrustMark'),
(691,'Timberwise (UK) Ltd','0117 322 4938','Richmond House,Avonmouth Way,Bristol,,UK','TrustMark'),
(692,'C&T ECO Consultants Ltd','01792 446646','1 High Street,null,Pontardawe,Swansea,null','TrustMark'),
(693,'Marksman Security Ltd','0117 967 6384','41 Old Quarry Road,null,Shirehampton,Bristol,UK','TrustMark'),
(694,'A D C Ltd','0117 952 0786','60 Downend Road,null,Bristol,Avon,United Kingdom','TrustMark'),
(695,'Techniglaze Ltd','01761 417654','Unit D, First Avenue,Westfield Industrial Estate,Radstock,Bath,UK','TrustMark'),
(696,'Mendip Electrical Compliance and Design Limited','07908 000878','14 Whiting Way,null,Wrington,null,England','TrustMark'),
(697,'Kirkpatrick Developments Ltd','07999 577333','24 Walk Mill Lane,Kingswood,Wotton-under-Edge,Gloucestershire,United Kingdom','TrustMark'),
(698,'A & M Energy Solutions Ltd','01793 528962','Unit 21,Rushy Platt Industrial Estate,Caen View,Swindon,null','TrustMark'),
(699,'WRS Decor Ltd','07901 914574','55 Griffin Road,null,Clevedon,North Somerset,England','TrustMark'),
(700,'Syncro Electrical','07846 032583','2 St Marys Road,null,Hutton,null,England','TrustMark'),
(701,'Immersa Limited','01453 545222','Drake House, Suite 4F,Long Street,Dursley,null,England','TrustMark'),
(702,'Copper Beech Cleaning Ltd','01934 235855','11 Orchard Way,,Cheddar,Somerset,UK','TrustMark'),
(703,'JAS Building Services (Bristol) Ltd','01454 877520','2430 The Quadrant,Aztec West,Bristol,Gloucestershire,United Kingdom','TrustMark'),
(704,'TWC Frames Ltd T/A The Window Centre','01793 781413','T W C Frames Ltd,Unit 15,SWINDON,Wiltshire,England','TrustMark'),
(705,'Cutworx Ltd','07568 349977','73 Bamfield,Whitchurch,Bristol,null,UK','TrustMark'),
(706,'S A Decorations','07854 114154','7 Callicroft Road,Patchway,Bristol,Avon,England','TrustMark'),
(707,'Nigel Arnott T/A Eco Specific Ltd','07925 291168','10 Turnberry,,Bristol,South Gloucesterhire,UK','TrustMark'),
(708,'S Crosse Construction Ltd','07739 312839','Unit 33,The Wincombe Centre,Shaftesbury,Shaftesbury,United Kingdom','TrustMark'),
(709,'ADR Electrical Services','07584 240301','8 Chalford Close,null,Yate,null,England','TrustMark'),
(710,'ADP Marketing & Promotions Limited T/A Helpinu','0117 935 2784','Unit 3 St Ivel Way,null,Bristol,null,England','TrustMark'),
(711,'JP Electrical (SW) Limited','07957 322731','Loxtons Cottage,Notting Hill Way,Lower Weare,null,England','TrustMark'),
(712,'P & H Jackson Building','07769 314991','The Farmhouse,Rock Farm,Hereford,Herefordshire,United Kingdom','TrustMark'),
(713,'TSL Heating and Plumbing Ltd','01633 865903','Unit 1 Hill Street Industrial Estate,Ty Coch,Cwmbran,South Wales,null','TrustMark'),
(714,'Parnosa Limited','07950 487419','3 Oakland Road,null,Bristol,County (optional),United Kingdom','TrustMark'),
(715,'Palace Window Systems Ltd','0800 037 7627','14 Asheigh Court,Henllys,Cwmbran,Torfaen,UK','TrustMark'),
(716,'FKP Services Ltd','07809 143559','11a Hengrove Lane,null,Bristol,null,UK','TrustMark'),
(717,'Westside Contracting Ltd','0117 950 8525','Unit 1 Perrocot,Hallen Road,Bristol,Avon,United Kingdom','TrustMark'),
(718,'B & B Services Ltd','01531 821868','7 Croft Close,,Newent,Gloucestershire,UK','TrustMark'),
(719,'GB-Sol Projects Ltd','07974 226463','Renewable Energy Works,Treforest Industrial Estate,CARDIFF,null,England','TrustMark'),
(720,'Heatforce (Wales) Ltd','029 20763622','Unit 10 Lambourne Crescent,Cardiff Business Park,CARDIFF,South Glamorgan,UK','TrustMark'),
(721,'All Trade Property Services Ltd','07737 781561','Unit 6, Satalite Business Park,Blackswarth Road,Bristol,null,UK','TrustMark'),
(722,'Oliver Morgan','07398 473098','Flat 4 48 Boston Road,null,Bristol,Avon,England','TrustMark'),
(723,'Kymac Construction Ltd','07593 647015','47 Mandara Grove,Abbeydale,Gloucester,Gloucestershire,United Kingdom','TrustMark'),
(724,'Harry Crane','07944 921245','Flat,3 Albermarle Row,BRISTOL,Avon,England','TrustMark'),
(725,'Direct Savings Ltd','01506 444161','6 Old Deans Road,null,Bathgate,West Lothian,Scotland','TrustMark'),
(726,'Mr Stephen Morgan Multiform Roofing','01454 853487','1 Park View,Stanshawes Court Drive,Yate,null,UK','TrustMark'),
(727,'Quantock Builders Limited','07894 244101','Toms Barn,Cothelstone,Taunton,Somerset,United Kingdom','TrustMark'),
(728,'MJS Energy Limited','01568 760075','Presteigne Mill,Leominster Road,Presteigne,Powys,Wales','TrustMark'),
(729,'Vencer Ltd','07515 273069','79 Ty-Mawr Road,Llandaff North,Cardiff,Caerdydd,United Kingdom','TrustMark'),
(730,'Bristol Household Electrical','07891 530168','10 Falcon Close,Patchway,Bristol,null,England','TrustMark'),
(731,'Gibbs & Tregidgo Ltd','0117 977 1123','9 South Liberty Lane,null,Bristol,Somerset,United Kingdom','TrustMark'),
(732,'Polar Bear Windows Ltd','0117 327 0127','Jarretts Garden Centre,Bath Road,Willsbridge,Bristol,England','TrustMark'),
(733,'C Brookes Plumbing and Heating Ltd','07716 101545','27 Bradstone Road,Winterbourne,BRISTOL,null,England','TrustMark'),
(734,'Alternate Energy UK Ltd','01506 669541','Unit 7 Grampian Court,Beveridge Square,Livingston,null,Scotland','TrustMark'),
(735,'Oakhill Landscapes Ltd','01633 412900','Stanmor,Chepstow Road,Newport,Gwent,UK','TrustMark'),
(736,'Warm Front Ltd','0161 320 9255','Unit 1, Kingston Mill,Manchester Road,Hyde,null,England','TrustMark'),
(737,'Access4lofts Ltd','01752 656510','Jubilee House,East Beach,Lytham St. Annes,,UK','TrustMark'),
(738,'S & P Builders Ltd','0117 403 2330','S & P Builders Ltd,Unit 103, Filwood Green Business Park,Bristol,Avon,United Kingdom','TrustMark'),
(739,'Proactive Roofing Solutions Ltd','01784 682014','Unit 16,Lynx Crescent,Weston-super-Mare,Somerset,United Kingdom','TrustMark'),
(740,'W Probert Roofline Systems','07789 869907','Stone Acre,Norley Lane,Badminton,Gloucestershire,United Kingdom','TrustMark'),
(741,'Ashcroft Services Ltd','0117 966 0819','Ashcroft House Bayton Road,Ashton,Bristol,Avon,UK','TrustMark'),
(742,'Drivestone Ltd','07426 804804','Unit 1, Frampton Farm,High Street,Chippenham,Wiltshire,United Kingdom','TrustMark'),
(743,'N Trimby Electrical Services Ltd','0117 972 1745','247 Redcatch Road,null,Bristol,null,UK','TrustMark'),
(744,'Eco Spray-Foam Systems Ltd','01708 377725','Unit 12, Elms Industrial Estate,Church Road,Harold Road,Essex,UK','TrustMark'),
(745,'D & J Windows Ltd','01285 643466','Unit 2, Gussage Mill,Toadsmoor Road, Brimscombe,STROUD,Gloucestershire,UK','TrustMark'),
(746,'Powerguards Inc Ramping Systems Ltd','01225 811455','Unit 20,Leafield Way,Leafield Ind Est,CORSHAM,UK','TrustMark'),
(747,'Homefront Design UK Limited','01984 624700','Ground Floor 1, The Courtyard,Higher Ford, Wiveliscombe,Taunton,Somerset,UK','TrustMark'),
(748,'Hereford Mobility Centre','01432 264333','Unit 2-3,Holme Lacy Industrial Estate,HEREFORD,,UK','TrustMark'),
(749,'The Rendering Company UK South West Ltd','07557 886110','Tyrrell Procter,Beaufort House,Bristol,Avon,England','TrustMark'),
(750,'SBS Design and Build','07971 169878','439 Bath Road,Saltford,Bristol,Somerset,United Kingdom','TrustMark'),
(751,'RDT Build Ltd','07816 784544','100 St David\'s ave,Warmley,Bristol,Somerset,United Kingdom','TrustMark'),
(752,'Nick Reeves Construction & Craftmanship Ltd','07702 630649','22 Tyning Terrace,null,Bath,Somerset,United Kingdom','TrustMark'),
(753,'Ian Williams Ltd','01454 328000','Quarry Road,null,Chipping Sodbury,Bristol,England','TrustMark'),
(754,'Source Electrical Services Ltd','07891 600788','Unit 3 Laurel House,Station Road,Weston super mare,Somerset,UK','TrustMark'),
(755,'N J Laity & Son and Grandsons','07740 949205','4 Danbury Crescent,null,Bristol,Somerset,United Kingdom','TrustMark'),
(756,'SNB Windows Ltd','07514 638247','32 Novers Cresent,,Bristol,Avon,UK','TrustMark'),
(757,'Pollock Lifts','028 93368167','1,Sloefield drive,Carrickfergus,Co Antrim,UK','TrustMark'),
(758,'G R Jones Builders','07718 748144','25 St. Davids Close,null,Chepstow,Gwent,United Kingdom','TrustMark'),
(759,'Knowle Engineering Ltd','0800 246 1649','45 St. Marys Road,null,Smethwick,null,England','TrustMark'),
(760,'WD Electrical 247','07920 053884','18 Millers Drive,North Common,Bristol,null,England','TrustMark'),
(761,'M I H Builders Ltd','01934 520828','54a Lower Kewstoke Road,null,Weston-super-Mare,Avon,United Kingdom','TrustMark'),
(762,'LF Replacement Windows Ltd','01249 655077','Bumpers Farm Industrial Estate,Bristol Road,Chippenham,Wiltshire,UK','TrustMark'),
(763,'Redbridge Property Services Ltd','07375 701605','Unit 11 The Glenmore Centre,Jessop Court,Quedgeley,Gloucestershire,UK','TrustMark'),
(764,'Robert Daniel','07722 287177','16 High Street,Yatton,Bristol,North Somerset,UK','TrustMark'),
(765,'Conservation Land Services Ltd','07518 456090','Henleaze Business Centre,13 Harbury Road,Bristol,,UK','TrustMark'),
(766,'GREEN TECHNOLOGY RENEWABLES LIMITED','07825 795993','Unit 115 Filwood Green Business Park,1 Filwood Park Lane,Bristol,Avon,England','TrustMark'),
(767,'BUILD BLOCK LTD T/As Regent Windows','01242 254222','BUILD BLOCK LTD T/As Regent Windows,Unit 3-4,Cheltenham,Gloucestershire,England','TrustMark'),
(768,'Felt Roofing Contractors (Avon) Ltd','0117 967 8147','208 High Street,Hanham,Bristol,South Gloucestershire,UK','TrustMark'),
(769,'Cotswold Energy Group Ltd','03334445444','Block 1, Upper Mills Estate,null,Stonehouse,Gloucestershire,UK','TrustMark'),
(770,'Electech Engineering Services Ltd','07885 596569','32 Aubrey Avenue,London Colney,St Albans,null,England','TrustMark'),
(771,'Chew Valley Roofing Ltd','01275 772460','5 Health Cottages,Tarnwell,BRISTOL,Avon,England','TrustMark'),
(772,'LD Eco Ltd','01554 755558','Bay View Offices,Bay View Road,Llanelli,Carmarthenshire,Wales','TrustMark'),
(773,'Pete Ponting Ltd','01454 294554','Chalwyn House,Church Lane,Wotton-under-Edge,Gloucestershire,United Kingdom','TrustMark'),
(774,'Henfield Maintenance Services Ltd','07970 149460','Westerleigh Road,null,Bristol,Avon,United Kingdom','TrustMark'),
(775,'AMD LOFT CONVERSIONS & CONSTRUCTION LIMITED','07771 902541','9 Sandringham Avenue,null,Bristol,null,UK','TrustMark'),
(776,'Swindon Heating & Cooling Services Ltd','03335776065','20 Kingswood Avenue, ,Swindon,Wiltshire,null,England','TrustMark'),
(777,'Forest Eco Systems Ltd','01594 835676','Unit 9 Huntley Business Park,Ross Road,Huntley,Gloucestershire,UK','TrustMark'),
(778,'Majestic Designs Uk Ltd','01934 741294','Unit 6,Cheddar Business Park,Cheddar,null,UK','TrustMark'),
(779,'Bioheat Energy Limited','01747 228474','The Old Gallery,Bowridge Hill,Gillingham,null,England','TrustMark'),
(780,'The Roofing Company (Bristol) Ltd','0117 950 2610','Perrocot Cottage,Hallen Road, Hallen,Bristol,Avon,UK','TrustMark'),
(781,'Selby Landscapes','01225 571350','Unit E,Heather Farm,Bath,Somerset,UK','TrustMark'),
(782,'HAWK ELECTRICAL & PLUMBING LTD','07753 230302','1 Laburnham mews,Shirehampton,Bristol,Bristol,UK','TrustMark'),
(783,'Impact Energy Limited','0151 221 9866','Unit 7, Lipon Close,Brasenose Road Industrial Estate,Bootle,Liverpool,null','TrustMark'),
(784,'Midwest Mobility Limited','01242 506240','Midway House,Herrick Way,Cheltenham,Gloucestershire,UK','TrustMark'),
(785,'Dave Robbins','0117 955 0064','20 Church Road,null,Bristol,Avon,United Kingdom','TrustMark'),
(786,'LG Landscapes Ltd','01225 809518','356 Horse Road,Hilperton Marsh,Trowbridge,Wiltshire,UK','TrustMark'),
(787,'Hurley Design Builders','07710 407520','25 Gorse Place,null,Caerdydd,Caerdydd,United Kingdom','TrustMark'),
(788,'Glendale Countryside Limited (Bristol)','01275 464466','Penguin Barn, Brockley Court Farm,St Nicholas Way, Brockley,BRISTOL,Avon,null','TrustMark'),
(789,'M P K Conversions and Construction Ltd','0117 947 8200','90 High Street,Hanham,Bristol,Avon,United Kingdom','TrustMark'),
(790,'S & J Building & Roofing','0117 904 7947','134A Abbots Road,null,Bristol,Avon,United Kingdom','TrustMark'),
(791,'MD Building Services Ltd','07970 433206','The Malt House,Durnford Street,Bristol,null,UK','TrustMark'),
(792,'Jack Hannon','0117 251 0101','32 Caledonia Place,Clifton,Bristol,Avon,UK','TrustMark'),
(793,'J A D Engineering Services Ltd','07968 129937','Unit 2 Custom House Court,Kenn Road,Clevedon,Somerset,UK','TrustMark'),
(794,'Microgen Energy Ltd','01704 320666','Unit 4,Kensington Industrial Estate,Southport,null,England','TrustMark'),
(795,'Business Electrical','0117 462 0478','1A Barton Road,null,St Philips,null,England','TrustMark'),
(796,'Dorset Energy Solutions Ltd','01747 825222','Mere Road,Peacemarsh,Gillingham,Dorset,UK','TrustMark'),
(797,'Acorn Stairlifts','0800 612 4330','Local Office,Thornhill,Cwmbran,Torfaen,UK','TrustMark'),
(798,'Magnet Ltd','0117 971 5144','Unit 2 St Phillips Trade Park,Albert Road, St Philips,Bristol St Philips,null,null','TrustMark'),
(799,'Smart Installations Mids Ltd','01905 451986','The Firs,Claines Lane,Worcester,Worcestershire,UK','TrustMark'),
(800,'Tigerson ltd','7723005972','Roofer based in Burry Port, Wales, 	SA16 0PG','Verified-Trade'),
(801,'Cavi Clear Ltd','07852229017','Damp Expert based in Neath, Wales, 	SA11 1EF','Verified-Trade'),
(802,'CP ﻿Domestic Heating Ltd','07765223036','Heating Engineer based in Bristol, South West, 	BS14 0AQ','Verified-Trade'),
(803,'Complete Roofing Solutions (Dorset)','07977265312','Roofer based in Poole, South West, 	BH12 3JA','Verified-Trade'),
(804,'HarrysBlinds','07966935345','Air Conditioning Expert based in Llanwrtyd Wells, Wales, 	LD5 4YH','Verified-Trade'),
(805,'Fixplan','07565839050','Heating Engineer based in Penarth, Wales, 	CF64 5SA','Verified-Trade'),
(806,'GSW Plumbing & Heating','07786141728','Heating Engineer based in Frome, South West, 	BA11 2DA','Verified-Trade'),
(807,'Swade Boiler & Gas Services','07917631935','Heating Engineer based in Bristol, South West, 	BS15 8HG','Verified-Trade'),
(808,'Smart Solutions Building Services Ltd','07850351827','Loft Conversion Expert based in Bath, South West, 	BA1 6EN','Verified-Trade'),
(809,'Benny Boilers','07545373779','Heating Engineer based in Bristol, South West, 	BS39 7RE','Verified-Trade');

/*Table structure for table `history` */

DROP TABLE IF EXISTS `history`;

CREATE TABLE `history` (
  `userId` varchar(50) NOT NULL,
  `link` varchar(200) NOT NULL
) ENGINE=InnoDB DEFAULT CHARSET=utf8mb4 COLLATE=utf8mb4_0900_ai_ci;

/*Data for the table `history` */

insert  into `history`(`userId`,`link`) values 
('5','link'),
('8','/login'),
('8','/profile'),
('8','/login'),
('8','/profile'),
('8','/signup'),
('6','/profile'),
('6','/profile'),
('6','/profile'),
('6','/signup'),
('6','/signup'),
('6','/signup'),
('6','/'),
('8','/profile'),
('8','/'),
('8','/list'),
('8','/comment/82'),
('8','/list'),
('8','/comment/122'),
('8','/list'),
('8','/comment/86'),
('8','/login'),
('8','/profile'),
('8','/login'),
('8','/'),
('8','/list'),
('8','/comment/86'),
('8','/list'),
('8','/comment/86'),
('8','/comment/86'),
('8','/comment/86'),
('8','/profile'),
('8','/login'),
('8','/signup'),
('8','/'),
('8','/signup'),
('14','/profile'),
('14','/login'),
('14','/profile'),
('14','/'),
('14','/list'),
('14','/comment/86'),
('14','/list'),
('14','/comment/82'),
('14','/comment/82'),
('14','/comment/82'),
('14','/list'),
('14','/comment/122'),
('14','/'),
('14','/list'),
('14','/comment/82'),
('14','/comment/82'),
('14','/comment/82'),
('14','/comment/82'),
('14','/comment/82'),
('14','/profile'),
('14','/'),
('14','/list'),
('14','/');

/*Table structure for table `user` */

DROP TABLE IF EXISTS `user`;

CREATE TABLE `user` (
  `id` int NOT NULL AUTO_INCREMENT,
  `email` varchar(100) NOT NULL,
  `username` varchar(100) NOT NULL,
  `avatar` varchar(1000) NOT NULL,
  `PASSWORD` varchar(1000) NOT NULL,
  `sex` varchar(100) NOT NULL,
  `birth` varchar(100) NOT NULL,
  PRIMARY KEY (`id`)
) ENGINE=InnoDB AUTO_INCREMENT=15 DEFAULT CHARSET=utf8mb4 COLLATE=utf8mb4_0900_ai_ci;

/*Data for the table `user` */

insert  into `user`(`id`,`email`,`username`,`avatar`,`PASSWORD`,`sex`,`birth`) values 
(0,'0','Anonymous','https://avatarspe.oss-cn-beijing.aliyuncs.com/2023/04/25/pq05dsbckkudxszk1v74rstvosrfi1mm9bob5qh81dkk7lzxdownload.png','0','male','2000/1/1'),
(6,'b','cat','D:\\year2\\spe\\avatar\\timg.jpg','$2a$10$pRLTkTizosptcdV0zaWsLeiK1imM7pv9T.l7a4xL0c3wZoUuIjCmC','male','2000/1/1'),
(7,'c','a','https://avatarspe.oss-cn-beijing.aliyuncs.com/2023/04/25/6ecq6snk5b2soklzqe2wqvffv01lde4otr6fs8nshhipcrw3picture.jpg','$2a$10$Qy30L/iUyAIWgDgJxDGk.O/St263qvfzn50yJqyqVTeZnQJ5s1P82','male','2000/1/1'),
(8,'a','a','https://avatarspe.oss-cn-beijing.aliyuncs.com/2023/04/25/pq05dsbckkudxszk1v74rstvosrfi1mm9bob5qh81dkk7lzxdownload.png','$2a$10$7apbKItTRuKn547a2btN6OqkPkgyp6ORWSkS00uvLAbqUsNdWdCFy','male','2000/1/1'),
(9,'a','a','D:\\year2\\spe\\avatar\\timg.jpg','$2a$10$7vQck/n67xqwoH6y24N/7.62x4pD67EffaROgNOMRF2loVlTlkXfq','male','2000/1/1'),
(10,'a','a','D:\\year2\\spe\\avatar\\timg.jpg','$2a$10$y5npIEqhuZYxfftG/s1jtedZGIHh51bcMjRyJGC9rVmJjhs.naosq','male','2000/1/1'),
(11,'a','a','D:\\year2\\spe\\avatar\\timg.jpg','$2a$10$33IfilPResAt8wBdHLJWJ.z0FkvqOeMOZ7kda5GTVwDM9U/SbLFQ2','male','2000/1/1'),
(12,'b','b','D:\\year2\\spe\\avatar\\timg.jpg','$2a$10$ZMoi2KvKlQtpHtDBwnqRBejeCK/OorRrx7Ujjt0E0u/a4tb284KgW','male','2000/1/1'),
(14,'test','test2','https://avatarspe.oss-cn-beijing.aliyuncs.com/2023/04/27/134f6nve7z6xshm91p2h9cyht5l2j0gny8a9zkx8dxck0zsftimg.jpg','$2a$10$bj2eoOIRGDXhn3w9q73HVex8OoqNuUk0N6N5wsn1J9xuLGkpbkLC2','male','2000/1/1');

/*!40101 SET SQL_MODE=@OLD_SQL_MODE */;
/*!40014 SET FOREIGN_KEY_CHECKS=@OLD_FOREIGN_KEY_CHECKS */;
/*!40014 SET UNIQUE_CHECKS=@OLD_UNIQUE_CHECKS */;
/*!40111 SET SQL_NOTES=@OLD_SQL_NOTES */;
